"","V1","V2","V3"
"1433B_HUMAN---LSR_HUMAN",22.3417523858744,15.5991985532335,7.9721066415393
"1433G_HUMAN---CLAP1_HUMAN",-27.7523918692092,7.29788313052954,2.66803632468435
"1433G_HUMAN---HDAC4_HUMAN",-27.7523918692092,7.29788313052954,2.66803632468435
"41_HUMAN---CDK1_HUMAN",-27.7523918692092,7.29788313052954,2.66803632468435
"4ET_HUMAN---MK08_HUMAN",-27.7523918692092,7.29788313052954,2.66803632468435
"ABCF1_HUMAN---CSK21_HUMAN",-27.7523918692092,7.29788313052954,2.66803632468435
"ABI2_HUMAN---PCM1_HUMAN",-27.7523918692092,7.29788313052954,2.66803632468435
"ABLM1_HUMAN---T22D4_HUMAN",-27.7523918692092,7.29788313052954,2.66803632468435
"ACTB_HUMAN---KHDR1_HUMAN",-27.7523918692092,7.29788313052954,2.66803632468435
"ADDA_HUMAN---ROCK1_HUMAN",-27.7523918692092,7.29788313052954,2.66803632468435
"ADNP_HUMAN---PLCG1_HUMAN",-27.7523918692092,7.29788313052954,2.66803632468435
"AFAD_HUMAN---DREB_HUMAN",-27.7523918692092,7.29788313052954,2.66803632468435
"AFAD_HUMAN---EPHA7_HUMAN",-27.7523918692092,7.29788313052954,2.66803632468435
"AFAD_HUMAN---ZO1_HUMAN",-27.7523918692092,7.29788313052954,2.66803632468435
"AHNK_HUMAN---CDK1_HUMAN",-27.7523918692092,7.29788313052954,2.66803632468435
"AKA11_HUMAN---KAP2_HUMAN",-27.7523918692092,7.29788313052954,2.66803632468435
"AMOT_HUMAN---RHG17_HUMAN",-27.7523918692092,7.29788313052954,2.66803632468435
"ANXA2_HUMAN---TNIK_HUMAN",-27.7523918692092,7.29788313052954,2.66803632468435
"APC1_HUMAN---CDK1_HUMAN",-27.7523918692092,7.29788313052954,2.66803632468435
"APC_HUMAN---CTNB1_HUMAN",-27.7523918692092,7.29788313052954,2.66803632468435
"A4_HUMAN---AR6P6_HUMAN",-27.7523918692092,7.29788313052954,2.66803632468435
"ARHGB_HUMAN---GSK3A_HUMAN",-27.7523918692092,7.29788313052954,2.66803632468435
"ARI2_HUMAN---EMAL4_HUMAN",-27.7523918692092,7.29788313052954,2.66803632468435
"ARI2_HUMAN---P53_HUMAN",-27.7523918692092,7.29788313052954,2.66803632468435
"AT2B1_HUMAN---LAP2_HUMAN",-27.7523918692092,7.29788313052954,2.66803632468435
"AZI1_HUMAN---PCM1_HUMAN",-27.7523918692092,7.29788313052954,2.66803632468435
"B2R4R0_HUMAN---BRD2_HUMAN",-27.7523918692092,7.29788313052954,2.66803632468435
"B2R4R0_HUMAN---TP53B_HUMAN",-27.7523918692092,7.29788313052954,2.66803632468435
"B2RBV7_HUMAN---OTUL_HUMAN",-27.7523918692092,7.29788313052954,2.66803632468435
"BACH_HUMAN---CDK2_HUMAN",-27.7523918692092,7.29788313052954,2.66803632468435
"BACH_HUMAN---NHLC2_HUMAN",-27.7523918692092,7.29788313052954,2.66803632468435
"BAD_HUMAN---KS6A1_HUMAN",-27.7523918692092,7.29788313052954,2.66803632468435
"BAP18_HUMAN---CDK2_HUMAN",-27.7523918692092,7.29788313052954,2.66803632468435
"BAZ2A_HUMAN---HDAC1_HUMAN",-27.7523918692092,7.29788313052954,2.66803632468435
"ACK1_HUMAN---BCAR1_HUMAN",-27.7523918692092,7.29788313052954,2.66803632468435
"BCAR1_HUMAN---CRKL_HUMAN",-27.7523918692092,7.29788313052954,2.66803632468435
"BCAR1_HUMAN---ZYX_HUMAN",-27.7523918692092,7.29788313052954,2.66803632468435
"BCLF1_HUMAN---SRRM1_HUMAN",-27.7523918692092,7.29788313052954,2.66803632468435
"BMS1_HUMAN---HDGF_HUMAN",-27.7523918692092,7.29788313052954,2.66803632468435
"BUD13_HUMAN---CDK1_HUMAN",-27.7523918692092,7.29788313052954,2.66803632468435
"CALX_HUMAN---MK03_HUMAN",-27.7523918692092,7.29788313052954,2.66803632468435
"CALX_HUMAN---PGRC1_HUMAN",-27.7523918692092,7.29788313052954,2.66803632468435
"1433T_HUMAN---CBL_HUMAN",-27.7523918692092,7.29788313052954,2.66803632468435
"CBL_HUMAN---EPHA2_HUMAN",-27.7523918692092,7.29788313052954,2.66803632468435
"CBL_HUMAN---FYN_HUMAN",-27.7523918692092,7.29788313052954,2.66803632468435
"CBL_HUMAN---GRB2_HUMAN",-27.7523918692092,7.29788313052954,2.66803632468435
"CBL_HUMAN---PLCG1_HUMAN",-27.7523918692092,7.29788313052954,2.66803632468435
"ACAP2_HUMAN---CBX1_HUMAN",-27.7523918692092,7.29788313052954,2.66803632468435
"CCD50_HUMAN---LCK_HUMAN",-27.7523918692092,7.29788313052954,2.66803632468435
"CCNK_HUMAN---T22D4_HUMAN",-27.7523918692092,7.29788313052954,2.66803632468435
"CBL_HUMAN---CD2AP_HUMAN",-27.7523918692092,7.29788313052954,2.66803632468435
"CD2B2_HUMAN---KHDR1_HUMAN",12.1931699232964,23.059524034273,-9.06489095842581
"CDCA3_HUMAN---TRAF2_HUMAN",22.3417523858744,15.5991985532335,7.9721066415393
"CDK1_HUMAN---DNLI1_HUMAN",-27.7523918692092,7.29788313052954,2.66803632468435
"CDK1_HUMAN---DNM1L_HUMAN",-27.7523918692092,7.29788313052954,2.66803632468435
"CDK1_HUMAN---NUP98_HUMAN",-27.7523918692092,7.29788313052954,2.66803632468435
"CDK1_HUMAN---RFC1_HUMAN",-27.7523918692092,7.29788313052954,2.66803632468435
"CDK1_HUMAN---STMN1_HUMAN",-27.7523918692092,7.29788313052954,2.66803632468435
"CDK16_HUMAN---CDK5_HUMAN",22.3417523858744,15.5991985532335,7.9721066415393
"CDKL5_HUMAN---FYN_HUMAN",-27.7523918692092,7.29788313052954,2.66803632468435
"CEBPZ_HUMAN---DDX55_HUMAN",-27.7523918692092,7.29788313052954,2.66803632468435
"CEBPZ_HUMAN---PEBB_HUMAN",-27.7523918692092,7.29788313052954,2.66803632468435
"CH10_HUMAN---EF1A1_HUMAN",-27.7523918692092,7.29788313052954,2.66803632468435
"CHD3_HUMAN---GIT1_HUMAN",22.3417523858744,15.5991985532335,7.9721066415393
"CHD3_HUMAN---PAIRB_HUMAN",-27.7523918692092,7.29788313052954,2.66803632468435
"CHIP_HUMAN---HS90A_HUMAN",-27.7523918692092,7.29788313052954,2.66803632468435
"CHIP_HUMAN---PSA3_HUMAN",-27.7523918692092,7.29788313052954,2.66803632468435
"CPSF5_HUMAN---RLA1_HUMAN",-27.7523918692092,7.29788313052954,2.66803632468435
"CPSF7_HUMAN---CSK21_HUMAN",-27.7523918692092,7.29788313052954,2.66803632468435
"ARHG5_HUMAN---CRKL_HUMAN",-27.7523918692092,7.29788313052954,2.66803632468435
"CBL_HUMAN---CRKL_HUMAN",-27.7523918692092,7.29788313052954,2.66803632468435
"CRKL_HUMAN---M4K5_HUMAN",-27.7523918692092,7.29788313052954,2.66803632468435
"CRKL_HUMAN---STA5A_HUMAN",-27.7523918692092,7.29788313052954,2.66803632468435
"CRKL_HUMAN---TENC1_HUMAN",-27.7523918692092,7.29788313052954,2.66803632468435
"ABL1_HUMAN---CRK_HUMAN",-27.7523918692092,7.29788313052954,2.66803632468435
"CALM_HUMAN---CSK21_HUMAN",-27.7523918692092,7.29788313052954,2.66803632468435
"ABL1_HUMAN---CTNB1_HUMAN",-27.7523918692092,7.29788313052954,2.66803632468435
"AP3D1_HUMAN---CTNB1_HUMAN",-27.7523918692092,7.29788313052954,2.66803632468435
"CTNB1_HUMAN---HDAC1_HUMAN",-27.7523918692092,7.29788313052954,2.66803632468435
"CTNB1_HUMAN---KMT2D_HUMAN",-27.7523918692092,7.29788313052954,2.66803632468435
"CTNB1_HUMAN---TNIK_HUMAN",-27.7523918692092,7.29788313052954,2.66803632468435
"CTNB1_HUMAN---YAP1_HUMAN",-27.7523918692092,7.29788313052954,2.66803632468435
"CTND1_HUMAN---FYN_HUMAN",-27.7523918692092,7.29788313052954,2.66803632468435
"CUL4B_HUMAN---HS90A_HUMAN",-27.7523918692092,7.29788313052954,2.66803632468435
"CUL4B_HUMAN---PHIP_HUMAN",-27.7523918692092,7.29788313052954,2.66803632468435
"APC_HUMAN---CYTSA_HUMAN",-27.7523918692092,7.29788313052954,2.66803632468435
"DAB2_HUMAN---GRB2_HUMAN",-27.7523918692092,7.29788313052954,2.66803632468435
"DDX21_HUMAN---JUN_HUMAN",-27.7523918692092,7.29788313052954,2.66803632468435
"BCS1_HUMAN---DDX24_HUMAN",-27.7523918692092,7.29788313052954,2.66803632468435
"DDX24_HUMAN---HS90B_HUMAN",-27.7523918692092,7.29788313052954,2.66803632468435
"DDX24_HUMAN---SPTN1_HUMAN",-27.7523918692092,7.29788313052954,2.66803632468435
"CDK1_HUMAN---DDX3X_HUMAN",-27.7523918692092,7.29788313052954,2.66803632468435
"DDX3X_HUMAN---IF4G1_HUMAN",-27.7523918692092,7.29788313052954,2.66803632468435
"DDX3Y_HUMAN---G4XH65_HUMAN",-27.7523918692092,7.29788313052954,2.66803632468435
"DDX46_HUMAN---SRS11_HUMAN",-27.7523918692092,7.29788313052954,2.66803632468435
"DENR_HUMAN---PP1B_HUMAN",-27.7523918692092,7.29788313052954,2.66803632468435
"DEP1B_HUMAN---MDC1_HUMAN",-27.7523918692092,7.29788313052954,2.66803632468435
"CDK1_HUMAN---DNLI3_HUMAN",-27.7523918692092,7.29788313052954,2.66803632468435
"DNMT1_HUMAN---SIR1_HUMAN",-27.7523918692092,7.29788313052954,2.66803632468435
"DOCK1_HUMAN---FYN_HUMAN",-27.7523918692092,7.29788313052954,2.66803632468435
"DOCK4_HUMAN---GRB2_HUMAN",-27.7523918692092,7.29788313052954,2.66803632468435
"DREB_HUMAN---NIPBL_HUMAN",-27.7523918692092,7.29788313052954,2.66803632468435
"DYR1B_HUMAN---MK01_HUMAN",-27.7523918692092,7.29788313052954,2.66803632468435
"ACTB_HUMAN---E41L2_HUMAN",-27.7523918692092,7.29788313052954,2.66803632468435
"E9PAU2_HUMAN---SUMO2_HUMAN",22.3417523858744,15.5991985532335,7.9721066415393
"EDC4_HUMAN---G3BP1_HUMAN",-27.7523918692092,7.29788313052954,2.66803632468435
"EF1A1_HUMAN---PLCG1_HUMAN",-27.7523918692092,7.29788313052954,2.66803632468435
"CDK1_HUMAN---EF1D_HUMAN",-27.7523918692092,7.29788313052954,2.66803632468435
"EF1D_HUMAN---MAP1B_HUMAN",-27.7523918692092,7.29788313052954,2.66803632468435
"AKA12_HUMAN---EGFR_HUMAN",-27.7523918692092,7.29788313052954,2.66803632468435
"ANS1A_HUMAN---EGFR_HUMAN",-27.7523918692092,7.29788313052954,2.66803632468435
"CBLB_HUMAN---EGFR_HUMAN",-27.7523918692092,7.29788313052954,2.66803632468435
"CBL_HUMAN---EGFR_HUMAN",-27.7523918692092,7.29788313052954,2.66803632468435
"EGFR_HUMAN---EGF_HUMAN",-27.7523918692092,7.29788313052954,2.66803632468435
"EGFR_HUMAN---ENPL_HUMAN",-27.7523918692092,7.29788313052954,2.66803632468435
"EGFR_HUMAN---EPN1_HUMAN",-27.7523918692092,7.29788313052954,2.66803632468435
"EGFR_HUMAN---FAK1_HUMAN",-27.7523918692092,7.29788313052954,2.66803632468435
"EGFR_HUMAN---HGS_HUMAN",-27.7523918692092,7.29788313052954,2.66803632468435
"EGFR_HUMAN---HS90A_HUMAN",-27.7523918692092,7.29788313052954,2.66803632468435
"EGFR_HUMAN---RN213_HUMAN",-27.7523918692092,7.29788313052954,2.66803632468435
"EGFR_HUMAN---TELO2_HUMAN",-27.7523918692092,7.29788313052954,2.66803632468435
"EGFR_HUMAN---TM1L1_HUMAN",-27.7523918692092,7.29788313052954,2.66803632468435
"EGLN1_HUMAN---HIF1A_HUMAN",-27.7523918692092,7.29788313052954,2.66803632468435
"DDX3X_HUMAN---EIF3B_HUMAN",-27.7523918692092,7.29788313052954,2.66803632468435
"ELF2_HUMAN---SUMO2_HUMAN",-27.7523918692092,7.29788313052954,2.66803632468435
"EFNB2_HUMAN---EPHA3_HUMAN",-27.7523918692092,7.29788313052954,2.66803632468435
"EPHA3_HUMAN---EPHA7_HUMAN",-27.7523918692092,7.29788313052954,2.66803632468435
"EPHA2_HUMAN---EPHA7_HUMAN",-27.7523918692092,7.29788313052954,2.66803632468435
"EPN1_HUMAN---EPS15_HUMAN",-27.7523918692092,7.29788313052954,2.66803632468435
"F208A_HUMAN---TM1L1_HUMAN",-27.7523918692092,7.29788313052954,2.66803632468435
"FA53C_HUMAN---WNK1_HUMAN",-27.7523918692092,7.29788313052954,2.66803632468435
"FACD2_HUMAN---MRE11_HUMAN",-27.7523918692092,7.29788313052954,2.66803632468435
"FAK1_HUMAN---FGR_HUMAN",-27.7523918692092,7.29788313052954,2.66803632468435
"FNBP4_HUMAN---KHDR1_HUMAN",-27.7523918692092,7.29788313052954,2.66803632468435
"AMOT_HUMAN---FOXK1_HUMAN",-27.7523918692092,7.29788313052954,2.66803632468435
"FOXK1_HUMAN---UBP24_HUMAN",-27.7523918692092,7.29788313052954,2.66803632468435
"FRIH_HUMAN---IMA1_HUMAN",-27.7523918692092,7.29788313052954,2.66803632468435
"CPSF5_HUMAN---FUND2_HUMAN",-27.7523918692092,7.29788313052954,2.66803632468435
"A4_HUMAN---FYN_HUMAN",-27.7523918692092,7.29788313052954,2.66803632468435
"ATX2L_HUMAN---G3BP1_HUMAN",-27.7523918692092,7.29788313052954,2.66803632468435
"G3BP1_HUMAN---RL14_HUMAN",-27.7523918692092,7.29788313052954,2.66803632468435
"G3BP1_HUMAN---UBP10_HUMAN",-27.7523918692092,7.29788313052954,2.66803632468435
"DDX54_HUMAN---G4XH65_HUMAN",-27.7523918692092,7.29788313052954,2.66803632468435
"G4XH65_HUMAN---HS90A_HUMAN",-27.7523918692092,7.29788313052954,2.66803632468435
"GAREM_HUMAN---GRB2_HUMAN",-27.7523918692092,7.29788313052954,2.66803632468435
"AFTIN_HUMAN---GGA3_HUMAN",-27.7523918692092,7.29788313052954,2.66803632468435
"GGA3_HUMAN---HGS_HUMAN",-27.7523918692092,7.29788313052954,2.66803632468435
"ARHG7_HUMAN---GIT1_HUMAN",-27.7523918692092,7.29788313052954,2.66803632468435
"GIT1_HUMAN---GRB2_HUMAN",-27.7523918692092,7.29788313052954,2.66803632468435
"GRB2_HUMAN---PTPRA_HUMAN",-27.7523918692092,7.29788313052954,2.66803632468435
"CTNB1_HUMAN---GSK3A_HUMAN",-27.7523918692092,7.29788313052954,2.66803632468435
"H31T_HUMAN---HS90A_HUMAN",-27.7523918692092,7.29788313052954,2.66803632468435
"CFTR_HUMAN---HACD3_HUMAN",-27.7523918692092,7.29788313052954,2.66803632468435
"CHD4_HUMAN---HDAC1_HUMAN",-27.7523918692092,7.29788313052954,2.66803632468435
"DNMT1_HUMAN---HDAC1_HUMAN",-27.7523918692092,7.29788313052954,2.66803632468435
"H2AY_HUMAN---HDAC1_HUMAN",-27.7523918692092,7.29788313052954,2.66803632468435
"HDAC1_HUMAN---HDAC9_HUMAN",-27.7523918692092,7.29788313052954,2.66803632468435
"HDAC1_HUMAN---SIN3A_HUMAN",-27.7523918692092,7.29788313052954,2.66803632468435
"HDAC1_HUMAN---HDAC2_HUMAN",-27.7523918692092,7.29788313052954,2.66803632468435
"HDGF_HUMAN---JUN_HUMAN",-27.7523918692092,7.29788313052954,2.66803632468435
"HDGF_HUMAN---SRP72_HUMAN",-27.7523918692092,7.29788313052954,2.66803632468435
"HIF1A_HUMAN---HS90A_HUMAN",-27.7523918692092,7.29788313052954,2.66803632468435
"HIPK3_HUMAN---ZYX_HUMAN",-27.7523918692092,7.29788313052954,2.66803632468435
"HIRP3_HUMAN---SRPK2_HUMAN",-27.7523918692092,7.29788313052954,2.66803632468435
"HNRPK_HUMAN---KHDR1_HUMAN",-27.7523918692092,7.29788313052954,2.66803632468435
"HNRPK_HUMAN---RBMX_HUMAN",-27.7523918692092,7.29788313052954,2.66803632468435
"HNRPU_HUMAN---PLCG1_HUMAN",-27.7523918692092,7.29788313052954,2.66803632468435
"HNRPU_HUMAN---SMN_HUMAN",-27.7523918692092,7.29788313052954,2.66803632468435
"BBX_HUMAN---HS90B_HUMAN",-27.7523918692092,7.29788313052954,2.66803632468435
"DYRK4_HUMAN---HS90B_HUMAN",-27.7523918692092,7.29788313052954,2.66803632468435
"HS90A_HUMAN---HS90B_HUMAN",-27.7523918692092,7.29788313052954,2.66803632468435
"I2BP1_HUMAN---SUMO2_HUMAN",-27.7523918692092,7.29788313052954,2.66803632468435
"ICLN_HUMAN---PDLI1_HUMAN",-27.7523918692092,7.29788313052954,2.66803632468435
"HDGF_HUMAN---IF2P_HUMAN",-27.7523918692092,7.29788313052954,2.66803632468435
"IF4B_HUMAN---OSBP1_HUMAN",22.3417523858744,15.5991985532335,7.9721066415393
"1433B_HUMAN---IGF1R_HUMAN",22.3417523858744,15.5991985532335,7.9721066415393
"IGF1R_HUMAN---SHC1_HUMAN",-27.7523918692092,7.29788313052954,2.66803632468435
"IMA1_HUMAN---JUN_HUMAN",-27.7523918692092,7.29788313052954,2.66803632468435
"I2BP1_HUMAN---IRF2_HUMAN",-27.7523918692092,7.29788313052954,2.66803632468435
"I2BP2_HUMAN---IRF2_HUMAN",-27.7523918692092,7.29788313052954,2.66803632468435
"GRB2_HUMAN---IRS4_HUMAN",-27.7523918692092,7.29788313052954,2.66803632468435
"CBL_HUMAN---ITSN1_HUMAN",-27.7523918692092,7.29788313052954,2.66803632468435
"ITSN2_HUMAN---MCRS1_HUMAN",-27.7523918692092,7.29788313052954,2.66803632468435
"AKA12_HUMAN---KAP2_HUMAN",-27.7523918692092,7.29788313052954,2.66803632468435
"AKAP1_HUMAN---KAP2_HUMAN",-27.7523918692092,7.29788313052954,2.66803632468435
"AKAP2_HUMAN---KAP2_HUMAN",-27.7523918692092,7.29788313052954,2.66803632468435
"CDK16_HUMAN---KAPCA_HUMAN",-27.7523918692092,7.29788313052954,2.66803632468435
"KAPCA_HUMAN---PLSL_HUMAN",-27.7523918692092,7.29788313052954,2.66803632468435
"HDAC9_HUMAN---KCC1A_HUMAN",-27.7523918692092,7.29788313052954,2.66803632468435
"KHDR1_HUMAN---PLCG1_HUMAN",-27.7523918692092,7.29788313052954,2.66803632468435
"KI21A_HUMAN---SRP72_HUMAN",-27.7523918692092,7.29788313052954,2.66803632468435
"CDK1_HUMAN---KI67_HUMAN",-27.7523918692092,7.29788313052954,2.66803632468435
"KI67_HUMAN---KIF15_HUMAN",-27.7523918692092,7.29788313052954,2.66803632468435
"KIF4A_HUMAN---SUMO2_HUMAN",-27.7523918692092,7.29788313052954,2.66803632468435
"KIF4A_HUMAN---SVIL_HUMAN",22.3417523858744,15.5991985532335,7.9721066415393
"IMA1_HUMAN---KLC4_HUMAN",-27.7523918692092,7.29788313052954,2.66803632468435
"KPRA_HUMAN---MK01_HUMAN",-27.7523918692092,7.29788313052954,2.66803632468435
"IF4B_HUMAN---KS6A1_HUMAN",-27.7523918692092,7.29788313052954,2.66803632468435
"CTNB1_HUMAN---LAP2_HUMAN",-27.7523918692092,7.29788313052954,2.66803632468435
"LAP2_HUMAN---PKP4_HUMAN",-27.7523918692092,7.29788313052954,2.66803632468435
"CUL4B_HUMAN---LARP1_HUMAN",-2.49056703560006,20.5156763975426,-16.4431983202141
"G3BP1_HUMAN---LCK_HUMAN",-27.7523918692092,7.29788313052954,2.66803632468435
"KHDR1_HUMAN---LCK_HUMAN",-27.7523918692092,7.29788313052954,2.66803632468435
"EF1A1_HUMAN---MAGD2_HUMAN",-27.7523918692092,7.29788313052954,2.66803632468435
"MARCS_HUMAN---ROCK1_HUMAN",-27.7523918692092,7.29788313052954,2.66803632468435
"HDAC4_HUMAN---MARK2_HUMAN",-27.7523918692092,7.29788313052954,2.66803632468435
"MARK2_HUMAN---PARD3_HUMAN",-27.7523918692092,7.29788313052954,2.66803632468435
"MARK2_HUMAN---TAOK1_HUMAN",-27.7523918692092,7.29788313052954,2.66803632468435
"MBB1A_HUMAN---NOP2_HUMAN",-27.7523918692092,7.29788313052954,2.66803632468435
"MCMBP_HUMAN---SMC3_HUMAN",-27.7523918692092,7.29788313052954,2.66803632468435
"MCRS1_HUMAN---RN213_HUMAN",-27.7523918692092,7.29788313052954,2.66803632468435
"MDC1_HUMAN---RAD50_HUMAN",-27.7523918692092,7.29788313052954,2.66803632468435
"MED12_HUMAN---MED13_HUMAN",-27.7523918692092,7.29788313052954,2.66803632468435
"MED13_HUMAN---MED1_HUMAN",-27.7523918692092,7.29788313052954,2.66803632468435
"ICLN_HUMAN---MEP50_HUMAN",-27.7523918692092,7.29788313052954,2.66803632468435
"HEXI2_HUMAN---MEPCE_HUMAN",-27.7523918692092,7.29788313052954,2.66803632468435
"MEPCE_HUMAN---SRP72_HUMAN",-27.7523918692092,7.29788313052954,2.66803632468435
"ABI2_HUMAN---MIPT3_HUMAN",-27.7523918692092,7.29788313052954,2.66803632468435
"ACTB_HUMAN---MIPT3_HUMAN",-27.7523918692092,7.29788313052954,2.66803632468435
"ABI1_HUMAN---MK01_HUMAN",-27.7523918692092,7.29788313052954,2.66803632468435
"AT1A1_HUMAN---MK01_HUMAN",-27.7523918692092,7.29788313052954,2.66803632468435
"HDAC4_HUMAN---MK01_HUMAN",-27.7523918692092,7.29788313052954,2.66803632468435
"ICK_HUMAN---MK01_HUMAN",-27.7523918692092,7.29788313052954,2.66803632468435
"KS6A1_HUMAN---MK01_HUMAN",-27.7523918692092,7.29788313052954,2.66803632468435
"MED1_HUMAN---MK01_HUMAN",-27.7523918692092,7.29788313052954,2.66803632468435
"MK01_HUMAN---P53_HUMAN",-27.7523918692092,7.29788313052954,2.66803632468435
"MK01_HUMAN---TFE2_HUMAN",-27.7523918692092,7.29788313052954,2.66803632468435
"ABI1_HUMAN---MK03_HUMAN",-27.7523918692092,7.29788313052954,2.66803632468435
"1433Z_HUMAN---MK08_HUMAN",-27.7523918692092,7.29788313052954,2.66803632468435
"JUN_HUMAN---MK08_HUMAN",-27.7523918692092,7.29788313052954,2.66803632468435
"JUN_HUMAN---MK09_HUMAN",-27.7523918692092,7.29788313052954,2.66803632468435
"MK09_HUMAN---STAT3_HUMAN",-27.7523918692092,7.29788313052954,2.66803632468435
"FUBP1_HUMAN---MK14_HUMAN",-27.7523918692092,7.29788313052954,2.66803632468435
"MK14_HUMAN---STK39_HUMAN",22.3417523858744,15.5991985532335,7.9721066415393
"MK03_HUMAN---MKL1_HUMAN",-27.7523918692092,7.29788313052954,2.66803632468435
"MKX_HUMAN---SIN3A_HUMAN",-27.7523918692092,7.29788313052954,2.66803632468435
"GGA3_HUMAN---MPRI_HUMAN",-27.7523918692092,7.29788313052954,2.66803632468435
"41_HUMAN---MYH10_HUMAN",-2.49056703560006,20.5156763975426,-16.4431983202141
"DAB2_HUMAN---MYO6_HUMAN",-27.7523918692092,7.29788313052954,2.66803632468435
"CA052_HUMAN---NFKB1_HUMAN",-27.7523918692092,7.29788313052954,2.66803632468435
"HDAC1_HUMAN---NFKB1_HUMAN",-27.7523918692092,7.29788313052954,2.66803632468435
"CFTR_HUMAN---NHRF1_HUMAN",-27.7523918692092,7.29788313052954,2.66803632468435
"NHRF1_HUMAN---PHAG1_HUMAN",-27.7523918692092,7.29788313052954,2.66803632468435
"NHRF1_HUMAN---RHG17_HUMAN",-27.7523918692092,7.29788313052954,2.66803632468435
"NHRF1_HUMAN---YAP1_HUMAN",-27.7523918692092,7.29788313052954,2.66803632468435
"NKAP_HUMAN---PPIG_HUMAN",-27.7523918692092,7.29788313052954,2.66803632468435
"DDX55_HUMAN---NOC2L_HUMAN",-27.7523918692092,7.29788313052954,2.66803632468435
"NOVA1_HUMAN---PCBP1_HUMAN",-27.7523918692092,7.29788313052954,2.66803632468435
"NP1L1_HUMAN---OSBP1_HUMAN",-27.7523918692092,7.29788313052954,2.66803632468435
"CDK1_HUMAN---NPM_HUMAN",-27.7523918692092,7.29788313052954,2.66803632468435
"HJURP_HUMAN---NPM_HUMAN",-27.7523918692092,7.29788313052954,2.66803632468435
"NPM_HUMAN---NUCL_HUMAN",-27.7523918692092,7.29788313052954,2.66803632468435
"NPM_HUMAN---P53_HUMAN",-27.7523918692092,7.29788313052954,2.66803632468435
"NPM_HUMAN---SENP3_HUMAN",-27.7523918692092,7.29788313052954,2.66803632468435
"NRBP_HUMAN---T22D4_HUMAN",-27.7523918692092,7.29788313052954,2.66803632468435
"CDK1_HUMAN---NSF1C_HUMAN",-27.7523918692092,7.29788313052954,2.66803632468435
"NSF1C_HUMAN---SRP14_HUMAN",-27.7523918692092,7.29788313052954,2.66803632468435
"CDK1_HUMAN---NUCKS_HUMAN",-27.7523918692092,7.29788313052954,2.66803632468435
"LA_HUMAN---NUCL_HUMAN",-27.7523918692092,7.29788313052954,2.66803632468435
"NUCL_HUMAN---PP1B_HUMAN",22.3417523858744,15.5991985532335,7.9721066415393
"MK03_HUMAN---NUP50_HUMAN",-27.7523918692092,7.29788313052954,2.66803632468435
"NUCL_HUMAN---NUP62_HUMAN",-27.7523918692092,7.29788313052954,2.66803632468435
"FRIH_HUMAN---OPTN_HUMAN",-27.7523918692092,7.29788313052954,2.66803632468435
"CDK5_HUMAN---P53_HUMAN",-27.7523918692092,7.29788313052954,2.66803632468435
"CEBPZ_HUMAN---P53_HUMAN",-27.7523918692092,7.29788313052954,2.66803632468435
"CHIP_HUMAN---P53_HUMAN",-27.7523918692092,7.29788313052954,2.66803632468435
"HDAC1_HUMAN---P53_HUMAN",-27.7523918692092,7.29788313052954,2.66803632468435
"HIPK2_HUMAN---P53_HUMAN",-27.7523918692092,7.29788313052954,2.66803632468435
"HUWE1_HUMAN---P53_HUMAN",-27.7523918692092,7.29788313052954,2.66803632468435
"MBB1A_HUMAN---P53_HUMAN",-27.7523918692092,7.29788313052954,2.66803632468435
"MK14_HUMAN---P53_HUMAN",-27.7523918692092,7.29788313052954,2.66803632468435
"P53_HUMAN---PIAS1_HUMAN",-27.7523918692092,7.29788313052954,2.66803632468435
"P53_HUMAN---PSME3_HUMAN",-27.7523918692092,7.29788313052954,2.66803632468435
"BAD_HUMAN---PAK1_HUMAN",22.3417523858744,15.5991985532335,7.9721066415393
"PAK1_HUMAN---TBCB_HUMAN",22.3417523858744,15.5991985532335,7.9721066415393
"CDK1_HUMAN---PALLD_HUMAN",-27.7523918692092,7.29788313052954,2.66803632468435
"PALLD_HUMAN---SPN90_HUMAN",-27.7523918692092,7.29788313052954,2.66803632468435
"1433T_HUMAN---PANK2_HUMAN",-27.7523918692092,7.29788313052954,2.66803632468435
"FAK1_HUMAN---PAXI_HUMAN",-27.7523918692092,7.29788313052954,2.66803632468435
"PCBP1_HUMAN---PPIG_HUMAN",-27.7523918692092,7.29788313052954,2.66803632468435
"PCBP1_HUMAN---T22D4_HUMAN",-27.7523918692092,7.29788313052954,2.66803632468435
"PCBP1_HUMAN---ZN830_HUMAN",-27.7523918692092,7.29788313052954,2.66803632468435
"KS6A1_HUMAN---PDCD4_HUMAN",-27.7523918692092,7.29788313052954,2.66803632468435
"ICLN_HUMAN---PDIA6_HUMAN",-27.7523918692092,7.29788313052954,2.66803632468435
"PDS5A_HUMAN---SMC3_HUMAN",-27.7523918692092,7.29788313052954,2.66803632468435
"CDK1_HUMAN---PDS5B_HUMAN",-2.49056703560006,20.5156763975426,-16.4431983202141
"PDS5B_HUMAN---SMC3_HUMAN",-27.7523918692092,7.29788313052954,2.66803632468435
"LAS1L_HUMAN---PELP1_HUMAN",-27.7523918692092,7.29788313052954,2.66803632468435
"PELP1_HUMAN---SENP3_HUMAN",-27.7523918692092,7.29788313052954,2.66803632468435
"PGAM1_HUMAN---XRCC6_HUMAN",-27.7523918692092,7.29788313052954,2.66803632468435
"PI4KA_HUMAN---STRN4_HUMAN",-27.7523918692092,7.29788313052954,2.66803632468435
"PIAS1_HUMAN---SUMO2_HUMAN",-27.7523918692092,7.29788313052954,2.66803632468435
"PININ_HUMAN---PPIG_HUMAN",-27.7523918692092,7.29788313052954,2.66803632468435
"PININ_HUMAN---PRP4B_HUMAN",-27.7523918692092,7.29788313052954,2.66803632468435
"PININ_HUMAN---SRSF4_HUMAN",-27.7523918692092,7.29788313052954,2.66803632468435
"DESP_HUMAN---PKP4_HUMAN",-27.7523918692092,7.29788313052954,2.66803632468435
"PNKP_HUMAN---SUV91_HUMAN",-27.7523918692092,7.29788313052954,2.66803632468435
"PNKP_HUMAN---UBE2O_HUMAN",-27.7523918692092,7.29788313052954,2.66803632468435
"PNKP_HUMAN---XRCC1_HUMAN",-27.7523918692092,7.29788313052954,2.66803632468435
"PO2F1_HUMAN---XRCC6_HUMAN",-27.7523918692092,7.29788313052954,2.66803632468435
"MDC1_HUMAN---POGZ_HUMAN",-27.7523918692092,7.29788313052954,2.66803632468435
"DLG3_HUMAN---PP1A_HUMAN",-27.7523918692092,7.29788313052954,2.66803632468435
"PP1A_HUMAN---ZFY16_HUMAN",-27.7523918692092,7.29788313052954,2.66803632468435
"FYN_HUMAN---PPR3D_HUMAN",-27.7523918692092,7.29788313052954,2.66803632468435
"PR38A_HUMAN---TF3C1_HUMAN",-27.7523918692092,7.29788313052954,2.66803632468435
"JUN_HUMAN---PRC2A_HUMAN",-27.7523918692092,7.29788313052954,2.66803632468435
"LRC47_HUMAN---PSA1_HUMAN",22.3417523858744,15.5991985532335,7.9721066415393
"PSA1_HUMAN---PSA3_HUMAN",22.3417523858744,15.5991985532335,7.9721066415393
"PSA3_HUMAN---PSMD1_HUMAN",-27.7523918692092,7.29788313052954,2.66803632468435
"GAB1_HUMAN---PTN11_HUMAN",-27.7523918692092,7.29788313052954,2.66803632468435
"GRB2_HUMAN---PTN11_HUMAN",-27.7523918692092,7.29788313052954,2.66803632468435
"MPZL1_HUMAN---PTN11_HUMAN",-27.7523918692092,7.29788313052954,2.66803632468435
"GRB2_HUMAN---PTN18_HUMAN",-27.7523918692092,7.29788313052954,2.66803632468435
"CDK1_HUMAN---PTN2_HUMAN",-27.7523918692092,7.29788313052954,2.66803632468435
"CDK1_HUMAN---PUR6_HUMAN",-27.7523918692092,7.29788313052954,2.66803632468435
"Q6FIE9_HUMAN---TM1L1_HUMAN",-27.7523918692092,7.29788313052954,2.66803632468435
"Q6FIE9_HUMAN---TM1L2_HUMAN",-27.7523918692092,7.29788313052954,2.66803632468435
"MRE11_HUMAN---RAD50_HUMAN",-27.7523918692092,7.29788313052954,2.66803632468435
"GRB2_HUMAN---RBM33_HUMAN",-27.7523918692092,7.29788313052954,2.66803632468435
"CDK1_HUMAN---RBP2_HUMAN",-27.7523918692092,7.29788313052954,2.66803632468435
"CDK2_HUMAN---RB_HUMAN",-27.7523918692092,7.29788313052954,2.66803632468435
"HDAC1_HUMAN---RB_HUMAN",-27.7523918692092,7.29788313052954,2.66803632468435
"JUN_HUMAN---RB_HUMAN",-27.7523918692092,7.29788313052954,2.66803632468435
"LAP2B_HUMAN---RB_HUMAN",-27.7523918692092,7.29788313052954,2.66803632468435
"PP1A_HUMAN---RB_HUMAN",-27.7523918692092,7.29788313052954,2.66803632468435
"RB_HUMAN---TF3C1_HUMAN",-27.7523918692092,7.29788313052954,2.66803632468435
"REC8_HUMAN---SMC3_HUMAN",-27.7523918692092,7.29788313052954,2.66803632468435
"RGPA1_HUMAN---TFE2_HUMAN",-27.7523918692092,7.29788313052954,2.66803632468435
"CUL4B_HUMAN---RL15_HUMAN",-27.7523918692092,7.29788313052954,2.66803632468435
"HDGF_HUMAN---RL1D1_HUMAN",-27.7523918692092,7.29788313052954,2.66803632468435
"RLA1_HUMAN---SMAP_HUMAN",-27.7523918692092,7.29788313052954,2.66803632468435
"HOIL1_HUMAN---RNF31_HUMAN",-27.7523918692092,7.29788313052954,2.66803632468435
"FAK1_HUMAN---ROCK1_HUMAN",-27.7523918692092,7.29788313052954,2.66803632468435
"CSK21_HUMAN---RPRD2_HUMAN",-27.7523918692092,7.29788313052954,2.66803632468435
"RRAS2_HUMAN---XRCC6_HUMAN",-27.7523918692092,7.29788313052954,2.66803632468435
"HDAC2_HUMAN---RREB1_HUMAN",-27.7523918692092,7.29788313052954,2.66803632468435
"RU17_HUMAN---SRPK2_HUMAN",-27.7523918692092,7.29788313052954,2.66803632468435
"HGS_HUMAN---SCAM3_HUMAN",-27.7523918692092,7.29788313052954,2.66803632468435
"ARHG7_HUMAN---SCRIB_HUMAN",-27.7523918692092,7.29788313052954,2.66803632468435
"MEPCE_HUMAN---SDE2_HUMAN",-27.7523918692092,7.29788313052954,2.66803632468435
"CD2B2_HUMAN---SF01_HUMAN",-27.7523918692092,7.29788313052954,2.66803632468435
"HNRL1_HUMAN---SF01_HUMAN",-27.7523918692092,7.29788313052954,2.66803632468435
"MEP50_HUMAN---SF01_HUMAN",-27.7523918692092,7.29788313052954,2.66803632468435
"SF3A1_HUMAN---SF3A3_HUMAN",-27.7523918692092,7.29788313052954,2.66803632468435
"SF3A3_HUMAN---STAM2_HUMAN",-27.7523918692092,7.29788313052954,2.66803632468435
"DYR1B_HUMAN---SF3B1_HUMAN",-27.7523918692092,7.29788313052954,2.66803632468435
"HS90B_HUMAN---SG223_HUMAN",-27.7523918692092,7.29788313052954,2.66803632468435
"PIAS1_HUMAN---SGTA_HUMAN",22.3417523858744,15.5991985532335,7.9721066415393
"GRB2_HUMAN---SHC1_HUMAN",-27.7523918692092,7.29788313052954,2.66803632468435
"CBL_HUMAN---SHIP2_HUMAN",-27.7523918692092,7.29788313052954,2.66803632468435
"CCD25_HUMAN---SMAD2_HUMAN",-27.7523918692092,7.29788313052954,2.66803632468435
"MK03_HUMAN---SMAD2_HUMAN",-27.7523918692092,7.29788313052954,2.66803632468435
"CFDP1_HUMAN---SMAD3_HUMAN",-27.7523918692092,7.29788313052954,2.66803632468435
"JUN_HUMAN---SMAD3_HUMAN",-27.7523918692092,7.29788313052954,2.66803632468435
"SMAP_HUMAN---TRA2A_HUMAN",-27.7523918692092,7.29788313052954,2.66803632468435
"CHD4_HUMAN---SMCA4_HUMAN",-27.7523918692092,7.29788313052954,2.66803632468435
"CD2B2_HUMAN---SNUT2_HUMAN",-27.7523918692092,7.29788313052954,2.66803632468435
"SNUT2_HUMAN---TRI25_HUMAN",-27.7523918692092,7.29788313052954,2.66803632468435
"NOP2_HUMAN---SPB1_HUMAN",-27.7523918692092,7.29788313052954,2.66803632468435
"CBL_HUMAN---SPY1_HUMAN",-27.7523918692092,7.29788313052954,2.66803632468435
"ACINU_HUMAN---SRPK2_HUMAN",-27.7523918692092,7.29788313052954,2.66803632468435
"DDX46_HUMAN---SRPK2_HUMAN",-27.7523918692092,7.29788313052954,2.66803632468435
"HNRPC_HUMAN---SRPK2_HUMAN",-27.7523918692092,7.29788313052954,2.66803632468435
"MMTA2_HUMAN---SRPK2_HUMAN",-27.7523918692092,7.29788313052954,2.66803632468435
"NELFE_HUMAN---SRPK2_HUMAN",-27.7523918692092,7.29788313052954,2.66803632468435
"PR38A_HUMAN---SRPK2_HUMAN",-27.7523918692092,7.29788313052954,2.66803632468435
"CDK12_HUMAN---SRRM2_HUMAN",-27.7523918692092,7.29788313052954,2.66803632468435
"CDK1_HUMAN---SRRM2_HUMAN",-27.7523918692092,7.29788313052954,2.66803632468435
"PININ_HUMAN---SRRM2_HUMAN",-27.7523918692092,7.29788313052954,2.66803632468435
"RBM8A_HUMAN---SRRM2_HUMAN",-27.7523918692092,7.29788313052954,2.66803632468435
"SRRM1_HUMAN---SRRM2_HUMAN",-27.7523918692092,7.29788313052954,2.66803632468435
"SON_HUMAN---SRS11_HUMAN",22.3417523858744,15.5991985532335,7.9721066415393
"HTSF1_HUMAN---SRSF4_HUMAN",-17.2403379465786,14.9903786722105,-11.0909350035743
"SRSF4_HUMAN---SRSF6_HUMAN",-27.7523918692092,7.29788313052954,2.66803632468435
"HGS_HUMAN---STAM2_HUMAN",-27.7523918692092,7.29788313052954,2.66803632468435
"HS90A_HUMAN---STIP1_HUMAN",-27.7523918692092,7.29788313052954,2.66803632468435
"STK39_HUMAN---WNK1_HUMAN",-27.7523918692092,7.29788313052954,2.66803632468435
"JUN_HUMAN---STRN4_HUMAN",-27.7523918692092,7.29788313052954,2.66803632468435
"SUMO2_HUMAN---ZMYM4_HUMAN",-27.7523918692092,7.29788313052954,2.66803632468435
"HDAC1_HUMAN---SUV91_HUMAN",-27.7523918692092,7.29788313052954,2.66803632468435
"LMNB2_HUMAN---SVIL_HUMAN",-27.7523918692092,7.29788313052954,2.66803632468435
"JUN_HUMAN---T2FA_HUMAN",-27.7523918692092,7.29788313052954,2.66803632468435
"HS90A_HUMAN---TBA1A_HUMAN",-27.7523918692092,7.29788313052954,2.66803632468435
"CDK1_HUMAN---TCOF_HUMAN",-27.7523918692092,7.29788313052954,2.66803632468435
"GPN1_HUMAN---TCOF_HUMAN",-17.2403379465786,14.9903786722105,-11.0909350035743
"TCP4_HUMAN---TF3C1_HUMAN",-27.7523918692092,7.29788313052954,2.66803632468435
"RAD50_HUMAN---TE2IP_HUMAN",-27.7523918692092,7.29788313052954,2.66803632468435
"RECQ4_HUMAN---TE2IP_HUMAN",-27.7523918692092,7.29788313052954,2.66803632468435
"HS90A_HUMAN---TEBP_HUMAN",-27.7523918692092,7.29788313052954,2.66803632468435
"TF3C1_HUMAN---TF3C4_HUMAN",-27.7523918692092,7.29788313052954,2.66803632468435
"SUMO2_HUMAN---TFP11_HUMAN",-27.7523918692092,7.29788313052954,2.66803632468435
"CBX1_HUMAN---TIF1B_HUMAN",-27.7523918692092,7.29788313052954,2.66803632468435
"MAGG1_HUMAN---TIF1B_HUMAN",-27.7523918692092,7.29788313052954,2.66803632468435
"P53_HUMAN---TIF1B_HUMAN",-27.7523918692092,7.29788313052954,2.66803632468435
"SMRCD_HUMAN---TIF1B_HUMAN",-27.7523918692092,7.29788313052954,2.66803632468435
"TE2IP_HUMAN---TOIP1_HUMAN",-27.7523918692092,7.29788313052954,2.66803632468435
"HDAC1_HUMAN---TOP2B_HUMAN",-27.7523918692092,7.29788313052954,2.66803632468435
"MDC1_HUMAN---TP53B_HUMAN",-27.7523918692092,7.29788313052954,2.66803632468435
"P53_HUMAN---TP53B_HUMAN",-27.7523918692092,7.29788313052954,2.66803632468435
"NUP98_HUMAN---TPR_HUMAN",-27.7523918692092,7.29788313052954,2.66803632468435
"RBM8A_HUMAN---TR150_HUMAN",-27.7523918692092,7.29788313052954,2.66803632468435
"CYTSB_HUMAN---TRAF2_HUMAN",-27.7523918692092,7.29788313052954,2.66803632468435
"TNIK_HUMAN---TRAF2_HUMAN",-27.7523918692092,7.29788313052954,2.66803632468435
"RNF31_HUMAN---TRI25_HUMAN",-27.7523918692092,7.29788313052954,2.66803632468435
"CD2B2_HUMAN---U520_HUMAN",-27.7523918692092,7.29788313052954,2.66803632468435
"SGTA_HUMAN---UBL7_HUMAN",22.3417523858744,15.5991985532335,7.9721066415393
"CSK21_HUMAN---VAMP4_HUMAN",-27.7523918692092,7.29788313052954,2.66803632468435
"ABI2_HUMAN---VINC_HUMAN",-27.7523918692092,7.29788313052954,2.66803632468435
"SCFD1_HUMAN---VINC_HUMAN",22.3417523858744,15.5991985532335,7.9721066415393
"B2RBV7_HUMAN---VPRBP_HUMAN",-27.7523918692092,7.29788313052954,2.66803632468435
"CUL4B_HUMAN---VPRBP_HUMAN",-27.7523918692092,7.29788313052954,2.66803632468435
"DDA1_HUMAN---VPRBP_HUMAN",-27.7523918692092,7.29788313052954,2.66803632468435
"SMN_HUMAN---WAP53_HUMAN",-27.7523918692092,7.29788313052954,2.66803632468435
"ITSN1_HUMAN---WASL_HUMAN",-27.7523918692092,7.29788313052954,2.66803632468435
"DDX54_HUMAN---WDHD1_HUMAN",-27.7523918692092,7.29788313052954,2.66803632468435
"NMD3_HUMAN---WDHD1_HUMAN",-27.7523918692092,7.29788313052954,2.66803632468435
"RBM34_HUMAN---WDHD1_HUMAN",-27.7523918692092,7.29788313052954,2.66803632468435
"FACD2_HUMAN---WDR48_HUMAN",-27.7523918692092,7.29788313052954,2.66803632468435
"IWS1_HUMAN---WDR48_HUMAN",-27.7523918692092,7.29788313052954,2.66803632468435
"WDR48_HUMAN---WDR70_HUMAN",-27.7523918692092,7.29788313052954,2.66803632468435
"GRB2_HUMAN---WIPF2_HUMAN",-27.7523918692092,7.29788313052954,2.66803632468435
"SMRCD_HUMAN---WIZ_HUMAN",-27.7523918692092,7.29788313052954,2.66803632468435
"WIZ_HUMAN---ZC3H4_HUMAN",-27.7523918692092,7.29788313052954,2.66803632468435
"CSK21_HUMAN---XRCC1_HUMAN",-27.7523918692092,7.29788313052954,2.66803632468435
"RLA1_HUMAN---XRCC6_HUMAN",-27.7523918692092,7.29788313052954,2.66803632468435
"SIR1_HUMAN---XRCC6_HUMAN",-27.7523918692092,7.29788313052954,2.66803632468435
"EF1A1_HUMAN---XRN2_HUMAN",-27.7523918692092,7.29788313052954,2.66803632468435
"KS6A1_HUMAN---YBOX1_HUMAN",-27.7523918692092,7.29788313052954,2.66803632468435
"SUMO2_HUMAN---Z280C_HUMAN",-27.7523918692092,7.29788313052954,2.66803632468435
"SMRCD_HUMAN---ZCH18_HUMAN",-27.7523918692092,7.29788313052954,2.66803632468435
"SUMO2_HUMAN---ZKSC1_HUMAN",-27.7523918692092,7.29788313052954,2.66803632468435
"KS6A1_HUMAN---ZN318_HUMAN",-27.7523918692092,7.29788313052954,2.66803632468435
"HDAC1_HUMAN---ZN609_HUMAN",-27.7523918692092,7.29788313052954,2.66803632468435
"SCRIB_HUMAN---ZO2_HUMAN",-27.7523918692092,7.29788313052954,2.66803632468435
"1433G_HUMAN---LSR_HUMAN",-22.3362010192161,-15.5968538259352,-7.97833764166082
"A4D1G0_HUMAN---CLASR_HUMAN",-12.1876185566381,-23.0571793069747,9.05865995830429
"A4D1G0_HUMAN---RB_HUMAN",-12.1876185566381,-23.0571793069747,9.05865995830429
"AAGAB_HUMAN---EIF3C_HUMAN",-22.3362010192161,-15.5968538259352,-7.97833764166082
"AAPK1_HUMAN---ACACA_HUMAN",-22.3362010192161,-15.5968538259352,-7.97833764166082
"ACLY_HUMAN---HGS_HUMAN",-22.3362010192161,-15.5968538259352,-7.97833764166082
"ADCY6_HUMAN---ATX1_HUMAN",17.2458893132369,-14.9880339449122,11.0847040034528
"AMOT_HUMAN---MPP5_HUMAN",-12.1876185566381,-23.0571793069747,9.05865995830429
"AR6P4_HUMAN---SRPK2_HUMAN",-22.3362010192161,-15.5968538259352,-7.97833764166082
"ARHG7_HUMAN---NAA10_HUMAN",-12.1876185566381,-23.0571793069747,9.05865995830429
"ARMX3_HUMAN---GPN1_HUMAN",17.2458893132369,-14.9880339449122,11.0847040034528
"ARP8_HUMAN---TFPT_HUMAN",-22.3362010192161,-15.5968538259352,-7.97833764166082
"AT133_HUMAN---MD2L1_HUMAN",-22.3362010192161,-15.5968538259352,-7.97833764166082
"AURKB_HUMAN---LMO7_HUMAN",-22.3362010192161,-15.5968538259352,-7.97833764166082
"AURKB_HUMAN---P53_HUMAN",-22.3362010192161,-15.5968538259352,-7.97833764166082
"AURKB_HUMAN---PPHLN_HUMAN",-22.3362010192161,-15.5968538259352,-7.97833764166082
"AURKB_HUMAN---SKA1_HUMAN",-12.1876185566381,-23.0571793069747,9.05865995830429
"B2R9N9_HUMAN---MYD88_HUMAN",-22.3362010192161,-15.5968538259352,-7.97833764166082
"B4E1U9_HUMAN---WASL_HUMAN",-22.3362010192161,-15.5968538259352,-7.97833764166082
"BACH2_HUMAN---JUN_HUMAN",-22.3362010192161,-15.5968538259352,-7.97833764166082
"ARPC3_HUMAN---BAG6_HUMAN",-12.1876185566381,-23.0571793069747,9.05865995830429
"BARD1_HUMAN---DHX57_HUMAN",-12.1876185566381,-23.0571793069747,9.05865995830429
"BARD1_HUMAN---LARP1_HUMAN",2.49611840225842,-20.5133316702443,16.4369673200925
"BARD1_HUMAN---P53_HUMAN",-12.1876185566381,-23.0571793069747,9.05865995830429
"BARD1_HUMAN---TBCD1_HUMAN",-12.1876185566381,-23.0571793069747,9.05865995830429
"BARD1_HUMAN---TPC11_HUMAN",2.49611840225842,-20.5133316702443,16.4369673200925
"BAZ1B_HUMAN---CAF1B_HUMAN",2.49611840225842,-20.5133316702443,16.4369673200925
"BAZ1B_HUMAN---SMCA5_HUMAN",-12.1876185566381,-23.0571793069747,9.05865995830429
"BAZ1B_HUMAN---TOP2B_HUMAN",-22.3362010192161,-15.5968538259352,-7.97833764166082
"ARMX3_HUMAN---BCAR1_HUMAN",17.2458893132369,-14.9880339449122,11.0847040034528
"BCOR_HUMAN---KDM2B_HUMAN",-22.3362010192161,-15.5968538259352,-7.97833764166082
"BCOR_HUMAN---ZBT7A_HUMAN",-22.3362010192161,-15.5968538259352,-7.97833764166082
"BIG3_HUMAN---EGFR_HUMAN",-22.3362010192161,-15.5968538259352,-7.97833764166082
"B4E1U9_HUMAN---BORG1_HUMAN",-22.3362010192161,-15.5968538259352,-7.97833764166082
"BRAP_HUMAN---KSR1_HUMAN",-22.3362010192161,-15.5968538259352,-7.97833764166082
"BZW2_HUMAN---SMAP_HUMAN",-22.3362010192161,-15.5968538259352,-7.97833764166082
"C170B_HUMAN---SUMO1_HUMAN",-22.3362010192161,-15.5968538259352,-7.97833764166082
"C1QBP_HUMAN---CDK13_HUMAN",-22.3362010192161,-15.5968538259352,-7.97833764166082
"C1QBP_HUMAN---PRC2A_HUMAN",-22.3362010192161,-15.5968538259352,-7.97833764166082
"CAND1_HUMAN---CUL4B_HUMAN",2.49611840225842,-20.5133316702443,16.4369673200925
"CAV1_HUMAN---FYN_HUMAN",-12.1876185566381,-23.0571793069747,9.05865995830429
"CBLB_HUMAN---MYD88_HUMAN",-22.3362010192161,-15.5968538259352,-7.97833764166082
"AURKB_HUMAN---CCD86_HUMAN",-22.3362010192161,-15.5968538259352,-7.97833764166082
"CCNK_HUMAN---STX11_HUMAN",-12.1876185566381,-23.0571793069747,9.05865995830429
"CCNL2_HUMAN---DYR1A_HUMAN",-22.3362010192161,-15.5968538259352,-7.97833764166082
"CDC20_HUMAN---MD2L1_HUMAN",-22.3362010192161,-15.5968538259352,-7.97833764166082
"CDC7_HUMAN---MCM2_HUMAN",-22.3362010192161,-15.5968538259352,-7.97833764166082
"BAG6_HUMAN---CDK16_HUMAN",-22.3362010192161,-15.5968538259352,-7.97833764166082
"CDK1_HUMAN---DLG1_HUMAN",-22.3362010192161,-15.5968538259352,-7.97833764166082
"CDK1_HUMAN---EZH2_HUMAN",-22.3362010192161,-15.5968538259352,-7.97833764166082
"CDK1_HUMAN---GUAA_HUMAN",-22.3362010192161,-15.5968538259352,-7.97833764166082
"CDK1_HUMAN---H14_HUMAN",-22.3362010192161,-15.5968538259352,-7.97833764166082
"CDK1_HUMAN---KAT7_HUMAN",-22.3362010192161,-15.5968538259352,-7.97833764166082
"CDK1_HUMAN---LAP2A_HUMAN",-22.3362010192161,-15.5968538259352,-7.97833764166082
"CDK1_HUMAN---NIPA_HUMAN",-22.3362010192161,-15.5968538259352,-7.97833764166082
"CDK1_HUMAN---NUMA1_HUMAN",-22.3362010192161,-15.5968538259352,-7.97833764166082
"CDK1_HUMAN---P3C2A_HUMAN",-22.3362010192161,-15.5968538259352,-7.97833764166082
"CDK1_HUMAN---PKN2_HUMAN",-12.1876185566381,-23.0571793069747,9.05865995830429
"CDK1_HUMAN---TFPT_HUMAN",-22.3362010192161,-15.5968538259352,-7.97833764166082
"CDK1_HUMAN---UNG_HUMAN",2.49611840225842,-20.5133316702443,16.4369673200925
"C2CD5_HUMAN---CDK5_HUMAN",2.49611840225842,-20.5133316702443,16.4369673200925
"B2L13_HUMAN---CH60_HUMAN",-22.3362010192161,-15.5968538259352,-7.97833764166082
"CH10_HUMAN---CH60_HUMAN",-22.3362010192161,-15.5968538259352,-7.97833764166082
"CHD3_HUMAN---F134A_HUMAN",2.49611840225842,-20.5133316702443,16.4369673200925
"ATX1_HUMAN---CHIP_HUMAN",17.2458893132369,-14.9880339449122,11.0847040034528
"CHIP_HUMAN---SMAD1_HUMAN",-22.3362010192161,-15.5968538259352,-7.97833764166082
"CHIP_HUMAN---UB2D2_HUMAN",-22.3362010192161,-15.5968538259352,-7.97833764166082
"CHIP_HUMAN---UBE2N_HUMAN",-22.3362010192161,-15.5968538259352,-7.97833764166082
"CLSPN_HUMAN---HERC2_HUMAN",-22.3362010192161,-15.5968538259352,-7.97833764166082
"CLSPN_HUMAN---TIM_HUMAN",-22.3362010192161,-15.5968538259352,-7.97833764166082
"ACTB_HUMAN---COF1_HUMAN",-12.1876185566381,-23.0571793069747,9.05865995830429
"1433T_HUMAN---CRTC2_HUMAN",-12.1876185566381,-23.0571793069747,9.05865995830429
"CSK21_HUMAN---MGMT_HUMAN",-22.3362010192161,-15.5968538259352,-7.97833764166082
"CSN6_HUMAN---MA7D1_HUMAN",-22.3362010192161,-15.5968538259352,-7.97833764166082
"CSN6_HUMAN---VPRBP_HUMAN",-22.3362010192161,-15.5968538259352,-7.97833764166082
"CADH1_HUMAN---CTNB1_HUMAN",-12.1876185566381,-23.0571793069747,9.05865995830429
"CTNB1_HUMAN---IF2B1_HUMAN",2.49611840225842,-20.5133316702443,16.4369673200925
"CTNB1_HUMAN---IQGA1_HUMAN",-12.1876185566381,-23.0571793069747,9.05865995830429
"CDCA3_HUMAN---CUL1_HUMAN",-22.3362010192161,-15.5968538259352,-7.97833764166082
"CUL1_HUMAN---FBX4_HUMAN",-22.3362010192161,-15.5968538259352,-7.97833764166082
"BAD_HUMAN---D0PNI1_HUMAN",-22.3362010192161,-15.5968538259352,-7.97833764166082
"D0PNI1_HUMAN---SMAG2_HUMAN",-22.3362010192161,-15.5968538259352,-7.97833764166082
"AKA12_HUMAN---DC1L1_HUMAN",-22.3362010192161,-15.5968538259352,-7.97833764166082
"DC1L1_HUMAN---DC1L2_HUMAN",-22.3362010192161,-15.5968538259352,-7.97833764166082
"DCAF8_HUMAN---SUV91_HUMAN",-12.1876185566381,-23.0571793069747,9.05865995830429
"DDA1_HUMAN---SEPT9_HUMAN",2.49611840225842,-20.5133316702443,16.4369673200925
"DDX41_HUMAN---NKAP_HUMAN",-22.3362010192161,-15.5968538259352,-7.97833764166082
"DESP_HUMAN---PKP2_HUMAN",-12.1876185566381,-23.0571793069747,9.05865995830429
"DIDO1_HUMAN---HNRPK_HUMAN",-22.3362010192161,-15.5968538259352,-7.97833764166082
"DIDO1_HUMAN---SON_HUMAN",-22.3362010192161,-15.5968538259352,-7.97833764166082
"DLG1_HUMAN---TJAP1_HUMAN",-22.3362010192161,-15.5968538259352,-7.97833764166082
"DYR1A_HUMAN---SF3B1_HUMAN",-22.3362010192161,-15.5968538259352,-7.97833764166082
"CCDC6_HUMAN---E7ETM7_HUMAN",-12.1876185566381,-23.0571793069747,9.05865995830429
"E7ETM7_HUMAN---PTSS2_HUMAN",-12.1876185566381,-23.0571793069747,9.05865995830429
"EDC3_HUMAN---EDC4_HUMAN",-22.3362010192161,-15.5968538259352,-7.97833764166082
"EF1A1_HUMAN---EF1B_HUMAN",-22.3362010192161,-15.5968538259352,-7.97833764166082
"B4DJ51_HUMAN---EGFR_HUMAN",-22.3362010192161,-15.5968538259352,-7.97833764166082
"EGFR_HUMAN---GSTP1_HUMAN",-12.1876185566381,-23.0571793069747,9.05865995830429
"EGFR_HUMAN---UBP8_HUMAN",-22.3362010192161,-15.5968538259352,-7.97833764166082
"EIF3B_HUMAN---EIF3C_HUMAN",-22.3362010192161,-15.5968538259352,-7.97833764166082
"EIF3B_HUMAN---EIF3G_HUMAN",-22.3362010192161,-15.5968538259352,-7.97833764166082
"EIF3G_HUMAN---ODPA_HUMAN",-12.1876185566381,-23.0571793069747,9.05865995830429
"EP15R_HUMAN---EPN1_HUMAN",-22.3362010192161,-15.5968538259352,-7.97833764166082
"ERF_HUMAN---MK01_HUMAN",-22.3362010192161,-15.5968538259352,-7.97833764166082
"EYA4_HUMAN---SMRD1_HUMAN",-12.1876185566381,-23.0571793069747,9.05865995830429
"ATX1_HUMAN---FA21C_HUMAN",17.2458893132369,-14.9880339449122,11.0847040034528
"FAK1_HUMAN---NASP_HUMAN",-22.3362010192161,-15.5968538259352,-7.97833764166082
"FBX4_HUMAN---P53_HUMAN",-22.3362010192161,-15.5968538259352,-7.97833764166082
"FIP1_HUMAN---SRC_HUMAN",-12.1876185566381,-23.0571793069747,9.05865995830429
"FKB15_HUMAN---SP1_HUMAN",-22.3362010192161,-15.5968538259352,-7.97833764166082
"FUBP2_HUMAN---HNRH1_HUMAN",-12.1876185566381,-23.0571793069747,9.05865995830429
"DHX29_HUMAN---G4XH65_HUMAN",-12.1876185566381,-23.0571793069747,9.05865995830429
"GNL1_HUMAN---RAD21_HUMAN",17.2458893132369,-14.9880339449122,11.0847040034528
"GRB2_HUMAN---SH24A_HUMAN",-22.3362010192161,-15.5968538259352,-7.97833764166082
"B2R9N9_HUMAN---GRM1A_HUMAN",-22.3362010192161,-15.5968538259352,-7.97833764166082
"H1X_HUMAN---HDGF_HUMAN",-22.3362010192161,-15.5968538259352,-7.97833764166082
"CSK21_HUMAN---HAP28_HUMAN",-22.3362010192161,-15.5968538259352,-7.97833764166082
"CCDC6_HUMAN---HDAC1_HUMAN",-12.1876185566381,-23.0571793069747,9.05865995830429
"HDAC1_HUMAN---KDM1A_HUMAN",-12.1876185566381,-23.0571793069747,9.05865995830429
"HDAC1_HUMAN---MTG8_HUMAN",-12.1876185566381,-23.0571793069747,9.05865995830429
"HDAC1_HUMAN---MYC_HUMAN",2.49611840225842,-20.5133316702443,16.4369673200925
"HDAC1_HUMAN---NCOR2_HUMAN",-22.3362010192161,-15.5968538259352,-7.97833764166082
"HDAC1_HUMAN---P66B_HUMAN",-22.3362010192161,-15.5968538259352,-7.97833764166082
"HDAC1_HUMAN---SP1_HUMAN",-22.3362010192161,-15.5968538259352,-7.97833764166082
"HDAC1_HUMAN---TOP2A_HUMAN",-22.3362010192161,-15.5968538259352,-7.97833764166082
"1433E_HUMAN---HDAC4_HUMAN",-22.3362010192161,-15.5968538259352,-7.97833764166082
"CG050_HUMAN---HDGF_HUMAN",2.49611840225842,-20.5133316702443,16.4369673200925
"DBNL_HUMAN---HERC2_HUMAN",-22.3362010192161,-15.5968538259352,-7.97833764166082
"HN1_HUMAN---SEPT9_HUMAN",2.49611840225842,-20.5133316702443,16.4369673200925
"HNRPK_HUMAN---SRC_HUMAN",-12.1876185566381,-23.0571793069747,9.05865995830429
"HS90B_HUMAN---KSR1_HUMAN",-22.3362010192161,-15.5968538259352,-7.97833764166082
"HS90B_HUMAN---LAR4B_HUMAN",-12.1876185566381,-23.0571793069747,9.05865995830429
"HS90B_HUMAN---STML2_HUMAN",-12.1876185566381,-23.0571793069747,9.05865995830429
"HS90A_HUMAN---HSF1_HUMAN",2.49611840225842,-20.5133316702443,16.4369673200925
"BAG6_HUMAN---ICK_HUMAN",-22.3362010192161,-15.5968538259352,-7.97833764166082
"IMA3_HUMAN---P53_HUMAN",-22.3362010192161,-15.5968538259352,-7.97833764166082
"INADL_HUMAN---MPP5_HUMAN",-12.1876185566381,-23.0571793069747,9.05865995830429
"ATF2_HUMAN---JUN_HUMAN",-12.1876185566381,-23.0571793069747,9.05865995830429
"ETS1_HUMAN---JUN_HUMAN",-22.3362010192161,-15.5968538259352,-7.97833764166082
"CAAP1_HUMAN---KAT7_HUMAN",-12.1876185566381,-23.0571793069747,9.05865995830429
"KCRB_HUMAN---MIPT3_HUMAN",-22.3362010192161,-15.5968538259352,-7.97833764166082
"KCRB_HUMAN---TBCB_HUMAN",-22.3362010192161,-15.5968538259352,-7.97833764166082
"HDAC2_HUMAN---KDM5C_HUMAN",2.49611840225842,-20.5133316702443,16.4369673200925
"KLC4_HUMAN---LR16A_HUMAN",-22.3362010192161,-15.5968538259352,-7.97833764166082
"1433E_HUMAN---KPRB_HUMAN",-22.3362010192161,-15.5968538259352,-7.97833764166082
"KPRB_HUMAN---LRC47_HUMAN",-22.3362010192161,-15.5968538259352,-7.97833764166082
"ASPM_HUMAN---KS6A1_HUMAN",-12.1876185566381,-23.0571793069747,9.05865995830429
"LARP4_HUMAN---SUMO2_HUMAN",17.2458893132369,-14.9880339449122,11.0847040034528
"KSYK_HUMAN---LCK_HUMAN",-22.3362010192161,-15.5968538259352,-7.97833764166082
"LCK_HUMAN---PSRC1_HUMAN",17.2458893132369,-14.9880339449122,11.0847040034528
"LHX4_HUMAN---RFC1_HUMAN",-22.3362010192161,-15.5968538259352,-7.97833764166082
"LHX4_HUMAN---RRP36_HUMAN",-22.3362010192161,-15.5968538259352,-7.97833764166082
"CADH1_HUMAN---LIMA1_HUMAN",-12.1876185566381,-23.0571793069747,9.05865995830429
"LYRIC_HUMAN---PLEC_HUMAN",-22.3362010192161,-15.5968538259352,-7.97833764166082
"MA7D3_HUMAN---TRM7_HUMAN",-22.3362010192161,-15.5968538259352,-7.97833764166082
"M3K3_HUMAN---MARK2_HUMAN",-12.1876185566381,-23.0571793069747,9.05865995830429
"MARK2_HUMAN---UTRO_HUMAN",-22.3362010192161,-15.5968538259352,-7.97833764166082
"MBD1_HUMAN---SUV91_HUMAN",-12.1876185566381,-23.0571793069747,9.05865995830429
"MBD1_HUMAN---MCAF1_HUMAN",-12.1876185566381,-23.0571793069747,9.05865995830429
"KAT7_HUMAN---MCM2_HUMAN",-22.3362010192161,-15.5968538259352,-7.97833764166082
"MCM2_HUMAN---MCM6_HUMAN",-22.3362010192161,-15.5968538259352,-7.97833764166082
"MCM6_HUMAN---SCNM1_HUMAN",-22.3362010192161,-15.5968538259352,-7.97833764166082
"CAND1_HUMAN---MCM9_HUMAN",2.49611840225842,-20.5133316702443,16.4369673200925
"CDC20_HUMAN---MDC1_HUMAN",-22.3362010192161,-15.5968538259352,-7.97833764166082
"CHAP1_HUMAN---MDC1_HUMAN",-22.3362010192161,-15.5968538259352,-7.97833764166082
"MDM2_HUMAN---P53_HUMAN",-22.3362010192161,-15.5968538259352,-7.97833764166082
"MDN1_HUMAN---PELP1_HUMAN",-22.3362010192161,-15.5968538259352,-7.97833764166082
"MED12_HUMAN---MED8_HUMAN",-12.1876185566381,-23.0571793069747,9.05865995830429
"MEP50_HUMAN---RBM5_HUMAN",-22.3362010192161,-15.5968538259352,-7.97833764166082
"MEP50_HUMAN---TBCD4_HUMAN",-22.3362010192161,-15.5968538259352,-7.97833764166082
"DDX42_HUMAN---MEPCE_HUMAN",-22.3362010192161,-15.5968538259352,-7.97833764166082
"MEPCE_HUMAN---YRDC_HUMAN",-22.3362010192161,-15.5968538259352,-7.97833764166082
"MFAP1_HUMAN---SNUT1_HUMAN",-12.1876185566381,-23.0571793069747,9.05865995830429
"CDCA5_HUMAN---MK03_HUMAN",2.49611840225842,-20.5133316702443,16.4369673200925
"MK09_HUMAN---MP2K7_HUMAN",-22.3362010192161,-15.5968538259352,-7.97833764166082
"MK09_HUMAN---WDR62_HUMAN",-22.3362010192161,-15.5968538259352,-7.97833764166082
"MK13_HUMAN---STMN1_HUMAN",-12.1876185566381,-23.0571793069747,9.05865995830429
"JIP4_HUMAN---MK14_HUMAN",-22.3362010192161,-15.5968538259352,-7.97833764166082
"ML12A_HUMAN---TP53B_HUMAN",-12.1876185566381,-23.0571793069747,9.05865995830429
"MTG8_HUMAN---OTUD4_HUMAN",-12.1876185566381,-23.0571793069747,9.05865995830429
"AKA10_HUMAN---MYH9_HUMAN",-22.3362010192161,-15.5968538259352,-7.97833764166082
"CBL_HUMAN---MYH9_HUMAN",-22.3362010192161,-15.5968538259352,-7.97833764166082
"MYH9_HUMAN---SVIL_HUMAN",-22.3362010192161,-15.5968538259352,-7.97833764166082
"MYC_HUMAN---NOL9_HUMAN",2.49611840225842,-20.5133316702443,16.4369673200925
"B2R4R0_HUMAN---NSD1_HUMAN",-22.3362010192161,-15.5968538259352,-7.97833764166082
"FUBP1_HUMAN---NSUN2_HUMAN",-22.3362010192161,-15.5968538259352,-7.97833764166082
"CDK2_HUMAN---NUFP2_HUMAN",-22.3362010192161,-15.5968538259352,-7.97833764166082
"MMS19_HUMAN---NUP53_HUMAN",17.2458893132369,-14.9880339449122,11.0847040034528
"NUP98_HUMAN---RAE1L_HUMAN",2.49611840225842,-20.5133316702443,16.4369673200925
"KCD12_HUMAN---OSBP1_HUMAN",-22.3362010192161,-15.5968538259352,-7.97833764166082
"OSBP1_HUMAN---ZRAB2_HUMAN",-22.3362010192161,-15.5968538259352,-7.97833764166082
"ARPC3_HUMAN---OTUD5_HUMAN",-12.1876185566381,-23.0571793069747,9.05865995830429
"ATX2L_HUMAN---OXSR1_HUMAN",-22.3362010192161,-15.5968538259352,-7.97833764166082
"OXSR1_HUMAN---SCFD1_HUMAN",-22.3362010192161,-15.5968538259352,-7.97833764166082
"OXSR1_HUMAN---WNK1_HUMAN",-22.3362010192161,-15.5968538259352,-7.97833764166082
"PAK4_HUMAN---PAXI_HUMAN",-22.3362010192161,-15.5968538259352,-7.97833764166082
"ARIP4_HUMAN---PIAS1_HUMAN",2.49611840225842,-20.5133316702443,16.4369673200925
"PLEC_HUMAN---SRRM2_HUMAN",-22.3362010192161,-15.5968538259352,-7.97833764166082
"PLK1_HUMAN---VRK3_HUMAN",-12.1876185566381,-23.0571793069747,9.05865995830429
"IQGA1_HUMAN---PODXL_HUMAN",-12.1876185566381,-23.0571793069747,9.05865995830429
"FARP1_HUMAN---PP1A_HUMAN",-22.3362010192161,-15.5968538259352,-7.97833764166082
"PP6R3_HUMAN---TE2IP_HUMAN",-22.3362010192161,-15.5968538259352,-7.97833764166082
"MDM2_HUMAN---PRC2C_HUMAN",-22.3362010192161,-15.5968538259352,-7.97833764166082
"ACTB_HUMAN---PRSR2_HUMAN",-22.3362010192161,-15.5968538259352,-7.97833764166082
"PSA3_HUMAN---PSA5_HUMAN",-22.3362010192161,-15.5968538259352,-7.97833764166082
"PSA3_HUMAN---PSA7_HUMAN",17.2458893132369,-14.9880339449122,11.0847040034528
"CDC7_HUMAN---PSIP1_HUMAN",-22.3362010192161,-15.5968538259352,-7.97833764166082
"PRR12_HUMAN---PUM1_HUMAN",-12.1876185566381,-23.0571793069747,9.05865995830429
"PUM1_HUMAN---SMAD1_HUMAN",-22.3362010192161,-15.5968538259352,-7.97833764166082
"CSK21_HUMAN---PURB_HUMAN",-22.3362010192161,-15.5968538259352,-7.97833764166082
"DDA1_HUMAN---PWP1_HUMAN",-22.3362010192161,-15.5968538259352,-7.97833764166082
"GLCI1_HUMAN---Q548N1_HUMAN",2.49611840225842,-20.5133316702443,16.4369673200925
"KS6A1_HUMAN---RANB3_HUMAN",-22.3362010192161,-15.5968538259352,-7.97833764166082
"RBM15_HUMAN---SRPK2_HUMAN",-22.3362010192161,-15.5968538259352,-7.97833764166082
"RAM_HUMAN---RBMX_HUMAN",-12.1876185566381,-23.0571793069747,9.05865995830429
"HDAC2_HUMAN---RCOR1_HUMAN",-22.3362010192161,-15.5968538259352,-7.97833764166082
"HDGF_HUMAN---RL35A_HUMAN",-22.3362010192161,-15.5968538259352,-7.97833764166082
"HNRH1_HUMAN---ROA2_HUMAN",-22.3362010192161,-15.5968538259352,-7.97833764166082
"FA21A_HUMAN---ROCK1_HUMAN",-22.3362010192161,-15.5968538259352,-7.97833764166082
"RSF1_HUMAN---SMCA5_HUMAN",-12.1876185566381,-23.0571793069747,9.05865995830429
"RU17_HUMAN---ZRAB2_HUMAN",-22.3362010192161,-15.5968538259352,-7.97833764166082
"S38A2_HUMAN---STX11_HUMAN",-12.1876185566381,-23.0571793069747,9.05865995830429
"LNX1_HUMAN---S6A15_HUMAN",-12.1876185566381,-23.0571793069747,9.05865995830429
"PSA7_HUMAN---SAMD1_HUMAN",17.2458893132369,-14.9880339449122,11.0847040034528
"M3K3_HUMAN---SC16A_HUMAN",-12.1876185566381,-23.0571793069747,9.05865995830429
"BARD1_HUMAN---SCAFB_HUMAN",2.49611840225842,-20.5133316702443,16.4369673200925
"SEPT2_HUMAN---SRRM2_HUMAN",-12.1876185566381,-23.0571793069747,9.05865995830429
"RBM10_HUMAN---SF3A1_HUMAN",-12.1876185566381,-23.0571793069747,9.05865995830429
"GSTP1_HUMAN---SFR19_HUMAN",-12.1876185566381,-23.0571793069747,9.05865995830429
"BAG6_HUMAN---SGTA_HUMAN",-22.3362010192161,-15.5968538259352,-7.97833764166082
"DBNL_HUMAN---SH24A_HUMAN",-22.3362010192161,-15.5968538259352,-7.97833764166082
"SKA1_HUMAN---SKA3_HUMAN",-12.1876185566381,-23.0571793069747,9.05865995830429
"CDCA5_HUMAN---SMC3_HUMAN",2.49611840225842,-20.5133316702443,16.4369673200925
"RAD21_HUMAN---SMC3_HUMAN",17.2458893132369,-14.9880339449122,11.0847040034528
"Q548N1_HUMAN---SMN_HUMAN",2.49611840225842,-20.5133316702443,16.4369673200925
"SIN3A_HUMAN---SMRC1_HUMAN",-22.3362010192161,-15.5968538259352,-7.97833764166082
"SMRC1_HUMAN---SMRD1_HUMAN",-12.1876185566381,-23.0571793069747,9.05865995830429
"SNUT1_HUMAN---U520_HUMAN",-12.1876185566381,-23.0571793069747,9.05865995830429
"SPTB2_HUMAN---SPTN1_HUMAN",-12.1876185566381,-23.0571793069747,9.05865995830429
"CK052_HUMAN---SRPK1_HUMAN",-12.1876185566381,-23.0571793069747,9.05865995830429
"RU17_HUMAN---SRPK1_HUMAN",-12.1876185566381,-23.0571793069747,9.05865995830429
"BRD3_HUMAN---SRPK2_HUMAN",2.49611840225842,-20.5133316702443,16.4369673200925
"CCD97_HUMAN---SRPK2_HUMAN",2.49611840225842,-20.5133316702443,16.4369673200925
"RBM39_HUMAN---SRPK2_HUMAN",2.49611840225842,-20.5133316702443,16.4369673200925
"SNUT1_HUMAN---SRSF4_HUMAN",-12.1876185566381,-23.0571793069747,9.05865995830429
"CTR9_HUMAN---SSRP1_HUMAN",-12.1876185566381,-23.0571793069747,9.05865995830429
"MCM2_HUMAN---SSRP1_HUMAN",-22.3362010192161,-15.5968538259352,-7.97833764166082
"GRB2_HUMAN---ST32C_HUMAN",-22.3362010192161,-15.5968538259352,-7.97833764166082
"B4DJ51_HUMAN---STRN3_HUMAN",-22.3362010192161,-15.5968538259352,-7.97833764166082
"RBM10_HUMAN---SUGP1_HUMAN",-12.1876185566381,-23.0571793069747,9.05865995830429
"P53_HUMAN---SUMO1_HUMAN",-22.3362010192161,-15.5968538259352,-7.97833764166082
"ESF1_HUMAN---SUMO2_HUMAN",17.2458893132369,-14.9880339449122,11.0847040034528
"LNX1_HUMAN---T22D4_HUMAN",-12.1876185566381,-23.0571793069747,9.05865995830429
"TB10B_HUMAN---TERA_HUMAN",-22.3362010192161,-15.5968538259352,-7.97833764166082
"CDK2_HUMAN---TB182_HUMAN",-22.3362010192161,-15.5968538259352,-7.97833764166082
"AAPK1_HUMAN---TBCD1_HUMAN",-22.3362010192161,-15.5968538259352,-7.97833764166082
"ETS1_HUMAN---TCAL3_HUMAN",-22.3362010192161,-15.5968538259352,-7.97833764166082
"PCNP_HUMAN---TE2IP_HUMAN",-22.3362010192161,-15.5968538259352,-7.97833764166082
"NSF1C_HUMAN---TERA_HUMAN",-22.3362010192161,-15.5968538259352,-7.97833764166082
"E9PAU2_HUMAN---TERF2_HUMAN",-22.3362010192161,-15.5968538259352,-7.97833764166082
"TE2IP_HUMAN---TERF2_HUMAN",-22.3362010192161,-15.5968538259352,-7.97833764166082
"CHD3_HUMAN---TIF1B_HUMAN",-22.3362010192161,-15.5968538259352,-7.97833764166082
"PP1B_HUMAN---TIF1B_HUMAN",-22.3362010192161,-15.5968538259352,-7.97833764166082
"TIF1B_HUMAN---WRIP1_HUMAN",-12.1876185566381,-23.0571793069747,9.05865995830429
"MDM2_HUMAN---TM87A_HUMAN",17.2458893132369,-14.9880339449122,11.0847040034528
"ATF2_HUMAN---TMX1_HUMAN",-12.1876185566381,-23.0571793069747,9.05865995830429
"PLK1_HUMAN---TOP2A_HUMAN",-12.1876185566381,-23.0571793069747,9.05865995830429
"MDC1_HUMAN---TOPB1_HUMAN",-22.3362010192161,-15.5968538259352,-7.97833764166082
"TICRR_HUMAN---TOPB1_HUMAN",-22.3362010192161,-15.5968538259352,-7.97833764166082
"TPC11_HUMAN---TPC12_HUMAN",-12.1876185566381,-23.0571793069747,9.05865995830429
"KSYK_HUMAN---TRAF6_HUMAN",-12.1876185566381,-23.0571793069747,9.05865995830429
"TRAD1_HUMAN---TRAF6_HUMAN",-12.1876185566381,-23.0571793069747,9.05865995830429
"TRI18_HUMAN---UB2D2_HUMAN",-22.3362010192161,-15.5968538259352,-7.97833764166082
"IF2B1_HUMAN---TRM7_HUMAN",17.2458893132369,-14.9880339449122,11.0847040034528
"KDM1A_HUMAN---TTC33_HUMAN",-12.1876185566381,-23.0571793069747,9.05865995830429
"TXLNA_HUMAN---XRN2_HUMAN",-22.3362010192161,-15.5968538259352,-7.97833764166082
"BAG6_HUMAN---UBL7_HUMAN",-22.3362010192161,-15.5968538259352,-7.97833764166082
"HERC2_HUMAN---UBP16_HUMAN",-12.1876185566381,-23.0571793069747,9.05865995830429
"CDK1_HUMAN---UBP2L_HUMAN",-22.3362010192161,-15.5968538259352,-7.97833764166082
"CSTFT_HUMAN---UBQL1_HUMAN",-12.1876185566381,-23.0571793069747,9.05865995830429
"HGS_HUMAN---UBQL1_HUMAN",-12.1876185566381,-23.0571793069747,9.05865995830429
"MDC1_HUMAN---UIMC1_HUMAN",-22.3362010192161,-15.5968538259352,-7.97833764166082
"UNK_HUMAN---ZRAB2_HUMAN",-22.3362010192161,-15.5968538259352,-7.97833764166082
"SNTB1_HUMAN---UTRO_HUMAN",-22.3362010192161,-15.5968538259352,-7.97833764166082
"MIPT3_HUMAN---WAC_HUMAN",-22.3362010192161,-15.5968538259352,-7.97833764166082
"SMC3_HUMAN---WAPL_HUMAN",-22.3362010192161,-15.5968538259352,-7.97833764166082
"DKC1_HUMAN---WDR48_HUMAN",2.49611840225842,-20.5133316702443,16.4369673200925
"F122B_HUMAN---WDR48_HUMAN",-22.3362010192161,-15.5968538259352,-7.97833764166082
"CSK21_HUMAN---WDR55_HUMAN",17.2458893132369,-14.9880339449122,11.0847040034528
"RIF1_HUMAN---WDR62_HUMAN",17.2458893132369,-14.9880339449122,11.0847040034528
"RAE1L_HUMAN---WDR75_HUMAN",2.49611840225842,-20.5133316702443,16.4369673200925
"NADAP_HUMAN---WIPF2_HUMAN",-12.1876185566381,-23.0571793069747,9.05865995830429
"STRN4_HUMAN---WIPI2_HUMAN",-22.3362010192161,-15.5968538259352,-7.97833764166082
"RUSD2_HUMAN---WRIP1_HUMAN",-12.1876185566381,-23.0571793069747,9.05865995830429
"ROA2_HUMAN---YBOX1_HUMAN",-22.3362010192161,-15.5968538259352,-7.97833764166082
"HAUS6_HUMAN---YBOX3_HUMAN",2.49611840225842,-20.5133316702443,16.4369673200925
"MK01_HUMAN---YBOX3_HUMAN",2.49611840225842,-20.5133316702443,16.4369673200925
"ATRX_HUMAN---Z512B_HUMAN",2.49611840225842,-20.5133316702443,16.4369673200925
"HTSF1_HUMAN---Z512B_HUMAN",2.49611840225842,-20.5133316702443,16.4369673200925
"MYH10_HUMAN---Z512B_HUMAN",2.49611840225842,-20.5133316702443,16.4369673200925
"XRCC6_HUMAN---Z512B_HUMAN",17.2458893132369,-14.9880339449122,11.0847040034528
"P53_HUMAN---ZBT7A_HUMAN",-22.3362010192161,-15.5968538259352,-7.97833764166082
"UNK_HUMAN---ZFY19_HUMAN",-22.3362010192161,-15.5968538259352,-7.97833764166082
"P53_HUMAN---ZN148_HUMAN",-22.3362010192161,-15.5968538259352,-7.97833764166082
"MMS19_HUMAN---ZN318_HUMAN",17.2458893132369,-14.9880339449122,11.0847040034528
"1433G_HUMAN---ZN638_HUMAN",-22.3362010192161,-15.5968538259352,-7.97833764166082
"TERF2_HUMAN---ZN703_HUMAN",-22.3362010192161,-15.5968538259352,-7.97833764166082
"UBE2N_HUMAN---ZNRF2_HUMAN",-22.3362010192161,-15.5968538259352,-7.97833764166082
"MDN1_HUMAN---TRM7_HUMAN",-11.8241470965855,-7.90435828425428,-21.7373089699195
"ATRX_HUMAN---EZH2_HUMAN",2.92562381439306,-2.37906055892216,-27.0895722865592
"HN1_HUMAN---IMA1_HUMAN",2.92562381439306,-2.37906055892216,-27.0895722865592
"P53_HUMAN---TPC11_HUMAN",13.0742062769711,-9.83938603996169,-10.0525746865941
"SCAFB_HUMAN---STAT3_HUMAN",2.92562381439306,-2.37906055892216,-27.0895722865592
"AAPK1_HUMAN---IMA1_HUMAN",17.6093607732896,0.164787077808269,-19.711264924771
"MCAF1_HUMAN---SENP3_HUMAN",17.6093607732896,0.164787077808269,-19.711264924771
