,tps_egfr-omicsintegrator2-params-QDBXF2J,tps_egfr-omicsintegrator2-params-TOL4TFR,tps_egfr-omicsintegrator2-params-CTD2BTU,tps_egfr-omicsintegrator2-params-GIKZEU7,tps_egfr-omicsintegrator2-params-XDTECOA,tps_egfr-omicsintegrator2-params-IX5OA2U,tps_egfr-omicsintegrator2-params-Q7ZEVL4,tps_egfr-omicsintegrator2-params-KAUTXRO,tps_egfr-omicsintegrator2-params-IMM3JMO,tps_egfr-omicsintegrator2-params-4UDOE2A,tps_egfr-omicsintegrator2-params-WQ7CYZP,tps_egfr-omicsintegrator2-params-TEDK4SB,tps_egfr-omicsintegrator2-params-5P7FCH7,tps_egfr-omicsintegrator2-params-7E7SXQH,tps_egfr-omicsintegrator2-params-XSOAMOT,tps_egfr-omicsintegrator2-params-D4YBV6P,tps_egfr-omicsintegrator2-params-PLMQALL,tps_egfr-omicsintegrator2-params-PSAKMBF,tps_egfr-omicsintegrator2-params-LYPWOO7,tps_egfr-omicsintegrator2-params-LWKRGJU,tps_egfr-omicsintegrator2-params-WJZB3IZ,tps_egfr-omicsintegrator2-params-RQIW726,tps_egfr-omicsintegrator2-params-QU4CL5G,tps_egfr-omicsintegrator2-params-7DD4UFC,tps_egfr-omicsintegrator2-params-62FOT7C,tps_egfr-omicsintegrator2-params-CH4WSCL,tps_egfr-omicsintegrator2-params-YNQOY7I,tps_egfr-omicsintegrator2-params-A5JUBW7,tps_egfr-omicsintegrator2-params-6Y4DQWQ,tps_egfr-omicsintegrator2-params-BXTMZAU,tps_egfr-omicsintegrator2-params-2CD7INL,tps_egfr-omicsintegrator2-params-GLEQVLB,tps_egfr-omicsintegrator2-params-CDG76O6,tps_egfr-omicsintegrator2-params-TSM3F5U,tps_egfr-omicsintegrator2-params-6EL5MKG,tps_egfr-omicsintegrator2-params-IVCGQP5,tps_egfr-omicsintegrator2-params-XUORIOJ,tps_egfr-omicsintegrator2-params-HMZ72EC,tps_egfr-omicsintegrator2-params-JS6TWSE,tps_egfr-omicsintegrator2-params-DXVGLPN,tps_egfr-omicsintegrator2-params-WFLCZXV,tps_egfr-omicsintegrator2-params-R2SAXLU,tps_egfr-omicsintegrator2-params-K2CLS3T,tps_egfr-omicsintegrator2-params-XFUE2CS,tps_egfr-omicsintegrator2-params-4ZHFE2A,tps_egfr-omicsintegrator2-params-ZEIJNHI,tps_egfr-omicsintegrator2-params-AKPJ4KZ,tps_egfr-omicsintegrator2-params-UALA5M6,tps_egfr-omicsintegrator2-params-CA7HYON,tps_egfr-omicsintegrator2-params-YTQMGNT
4ET_HUMAN---MK08_HUMAN,1,1,1,1,1,1,1,1,1,0,1,1,1,1,1,0,1,1,1,1,1,1,1,1,1,1,1,1,1,0,1,1,1,1,1,1,1,0,1,1,0,1,1,1,1,1,1,1,1,1
AAPK1_HUMAN---ACACA_HUMAN,1,1,1,1,1,1,1,1,1,0,1,1,1,1,0,0,1,1,0,1,1,0,1,0,1,1,1,1,1,0,1,1,1,0,1,1,1,0,1,1,0,1,1,1,1,1,1,1,1,1
AAPK1_HUMAN---IMA1_HUMAN,1,0,1,0,1,0,0,1,0,0,0,0,0,0,0,0,0,0,0,1,0,0,1,0,0,0,0,1,0,0,0,0,0,0,0,0,0,0,1,0,0,0,0,0,1,0,0,1,0,0
ABI1_HUMAN---MK01_HUMAN,1,1,1,1,1,1,1,1,1,1,1,1,1,1,1,1,1,1,1,1,1,1,1,1,1,1,1,1,1,1,1,1,1,1,1,1,1,1,1,1,1,1,1,1,1,1,1,1,1,1
ABL1_HUMAN---CRK_HUMAN,1,1,1,1,1,1,1,1,1,0,1,1,1,1,1,0,1,1,1,1,1,1,1,1,1,1,1,1,1,0,1,1,1,1,1,1,1,0,1,1,0,1,1,1,1,1,1,1,1,1
ABL1_HUMAN---CTNB1_HUMAN,1,1,1,1,1,1,1,1,1,0,1,1,1,1,1,0,1,1,1,1,1,1,1,1,1,1,1,1,1,0,1,1,1,1,1,1,1,0,1,1,0,1,1,1,1,1,1,1,1,1
ACLY_HUMAN---HGS_HUMAN,1,1,1,1,1,1,1,1,1,0,1,1,1,1,0,0,1,1,0,1,1,0,1,0,1,1,1,1,1,0,1,1,1,0,1,1,1,0,1,1,0,1,1,1,1,1,1,1,1,1
ACTB_HUMAN---E41L2_HUMAN,1,1,1,1,1,1,1,1,1,0,1,1,1,1,1,0,1,1,1,1,1,1,1,1,1,1,1,1,1,0,1,1,1,1,1,1,1,0,1,1,0,1,1,1,1,1,1,1,1,1
ACTB_HUMAN---KHDR1_HUMAN,1,1,1,1,1,1,1,1,1,0,1,1,1,1,1,0,1,1,1,1,1,1,1,1,1,1,1,1,1,0,1,1,1,1,1,1,1,0,1,1,0,1,1,1,1,1,1,1,1,1
ADDA_HUMAN---ROCK1_HUMAN,1,1,1,1,1,1,1,1,1,0,1,1,1,1,1,0,1,1,1,1,1,1,1,1,1,1,1,1,1,0,1,1,1,1,1,1,1,0,1,1,0,1,1,1,1,1,1,1,1,1
ADNP_HUMAN---PLCG1_HUMAN,1,1,1,1,1,1,1,1,1,0,1,1,1,1,1,0,1,1,1,1,1,1,1,1,1,1,1,1,1,0,1,1,1,1,1,1,1,0,1,1,0,1,1,1,1,1,1,1,1,1
AFAD_HUMAN---DREB_HUMAN,1,1,1,1,1,1,1,1,1,1,1,1,1,1,1,1,1,1,1,1,1,1,1,1,1,1,1,1,1,1,1,1,1,1,1,1,1,1,1,1,1,1,1,1,1,1,1,1,1,1
AFTIN_HUMAN---GGA3_HUMAN,1,1,1,1,1,1,1,1,1,0,1,1,1,1,0,0,1,1,0,1,1,0,1,0,1,1,1,1,1,0,1,1,1,0,1,1,1,0,1,1,0,1,1,1,1,1,1,1,1,1
AMOT_HUMAN---FOXK1_HUMAN,1,1,1,1,1,1,1,1,1,0,1,1,1,1,0,0,1,1,0,1,1,0,1,0,1,1,1,1,1,0,1,1,1,0,1,1,1,0,1,1,0,1,1,1,1,1,1,1,1,1
AMOT_HUMAN---RHG17_HUMAN,1,1,1,1,1,1,1,1,1,0,1,1,1,1,0,0,1,1,0,1,1,0,1,0,1,1,1,1,1,0,1,1,1,0,1,1,1,0,1,1,0,1,1,1,1,1,1,1,1,1
APC_HUMAN---CYTSA_HUMAN,1,1,1,1,1,1,1,1,1,0,1,1,1,1,1,0,1,1,1,1,1,1,1,1,1,1,1,1,1,0,1,1,1,1,1,1,1,0,1,1,0,1,1,1,1,1,1,1,1,1
A4_HUMAN---AR6P6_HUMAN,1,1,1,1,1,1,1,1,1,0,1,1,1,1,1,0,1,1,1,1,1,1,1,1,1,1,1,1,1,0,1,1,1,1,1,1,1,0,1,1,0,1,1,1,1,1,1,1,1,1
ARHG7_HUMAN---SCRIB_HUMAN,1,1,1,1,1,1,1,1,1,0,1,1,1,1,1,0,1,1,1,1,1,1,1,1,1,1,1,1,1,0,1,1,1,1,1,1,1,0,1,1,0,1,1,1,1,1,1,1,1,1
ARHGB_HUMAN---GSK3A_HUMAN,1,1,1,1,1,1,1,1,1,0,1,1,1,1,1,0,1,1,1,1,1,1,1,1,1,1,1,1,1,0,1,1,1,1,1,1,1,0,1,1,0,1,1,1,1,1,1,1,1,1
ARI2_HUMAN---EMAL4_HUMAN,1,1,1,1,1,1,1,1,1,0,1,1,1,1,1,0,1,1,1,1,1,1,1,1,1,1,1,1,1,0,1,1,1,1,1,1,1,0,1,1,0,1,1,1,1,1,1,1,1,1
ARI2_HUMAN---P53_HUMAN,1,1,1,1,1,1,1,1,1,0,1,1,1,1,1,0,1,1,1,1,1,1,1,1,1,1,1,1,1,0,1,1,1,1,1,1,1,0,1,1,0,1,1,1,1,1,1,1,1,1
AT2B1_HUMAN---LAP2_HUMAN,1,1,1,1,1,1,1,1,1,0,1,1,1,1,1,0,1,1,1,1,1,1,1,1,1,1,1,1,1,0,1,1,1,1,1,1,1,0,1,1,0,1,1,1,1,1,1,1,1,1
B2RBV7_HUMAN---OTUL_HUMAN,1,1,1,1,1,1,1,1,1,0,1,1,1,1,0,0,1,1,0,1,1,0,1,0,1,1,1,1,1,0,1,1,1,0,1,1,1,0,1,1,0,1,1,1,1,1,1,1,1,1
B2RBV7_HUMAN---VPRBP_HUMAN,1,1,1,1,1,1,1,1,1,0,1,1,1,1,0,0,1,1,0,1,1,0,1,0,1,1,1,1,1,0,1,1,1,0,1,1,1,0,1,1,0,1,1,1,1,1,1,1,1,1
BACH_HUMAN---CDK2_HUMAN,1,1,1,1,1,1,1,1,1,0,1,1,1,1,0,0,1,1,0,1,1,0,1,0,1,1,1,1,1,0,1,1,1,0,1,1,1,0,1,1,0,1,1,1,1,1,1,1,1,1
BACH_HUMAN---NHLC2_HUMAN,1,1,1,1,1,1,1,1,1,0,1,1,1,1,0,0,1,1,0,1,1,0,1,0,1,1,1,1,1,0,1,1,1,0,1,1,1,0,1,1,0,1,1,1,1,1,1,1,1,1
BAG6_HUMAN---SGTA_HUMAN,1,1,1,1,1,1,1,1,1,0,1,1,1,1,0,0,1,1,0,1,1,0,1,0,1,1,1,1,1,0,1,1,1,0,1,1,1,0,1,1,0,1,1,1,1,1,1,1,1,1
BAP18_HUMAN---CDK2_HUMAN,1,1,1,1,1,1,1,1,1,0,1,1,1,1,1,0,1,1,1,1,1,1,1,1,1,1,1,1,1,0,1,1,1,1,1,1,1,0,1,1,0,1,1,1,1,1,1,1,1,1
BAZ2A_HUMAN---HDAC1_HUMAN,1,1,1,1,1,1,1,1,1,0,1,1,1,1,1,0,1,1,1,1,1,1,1,1,1,1,1,1,1,0,1,1,1,1,1,1,1,0,1,1,0,1,1,1,1,1,1,1,1,1
ACK1_HUMAN---BCAR1_HUMAN,1,1,1,1,1,1,1,1,1,0,1,1,1,1,1,0,1,1,1,1,1,1,1,1,1,1,1,1,1,0,1,1,1,1,1,1,1,0,1,1,0,1,1,1,1,1,1,1,1,1
BCAR1_HUMAN---ZYX_HUMAN,1,1,1,1,1,1,1,1,1,0,1,1,1,1,1,0,1,1,1,1,1,1,1,1,1,1,1,1,1,0,1,1,1,1,1,1,1,0,1,1,0,1,1,1,1,1,1,1,1,1
BCLF1_HUMAN---SRRM1_HUMAN,1,1,1,1,1,1,1,1,1,0,1,1,1,1,1,0,1,1,1,1,1,1,1,1,1,1,1,1,1,0,1,1,1,1,1,1,1,0,1,1,0,1,1,1,1,1,1,1,1,1
BCS1_HUMAN---DDX24_HUMAN,1,1,1,1,1,1,1,1,1,0,1,1,1,1,0,0,1,1,0,1,1,0,1,0,1,1,1,1,1,0,1,1,1,0,1,1,1,0,1,1,0,1,1,1,1,1,1,1,1,1
BMS1_HUMAN---HDGF_HUMAN,1,1,1,1,1,1,1,1,1,0,1,1,1,1,0,0,1,1,0,1,1,0,1,0,1,1,1,1,1,0,1,1,1,0,1,1,1,0,1,1,0,1,1,1,1,1,1,1,1,1
B2R4R0_HUMAN---BRD2_HUMAN,1,1,1,1,1,1,1,1,1,0,1,1,1,1,0,0,1,1,0,1,1,0,1,0,1,1,1,1,1,0,1,1,1,0,1,1,1,0,1,1,0,1,1,1,1,1,1,1,1,1
CA052_HUMAN---NFKB1_HUMAN,1,1,1,1,1,1,1,1,1,0,1,1,1,1,0,0,1,1,0,1,1,0,1,0,1,1,1,1,1,0,1,1,1,0,1,1,1,0,1,1,0,1,1,1,1,1,1,1,1,1
1433T_HUMAN---CBL_HUMAN,1,1,1,1,1,1,1,1,1,0,1,1,1,1,1,0,1,1,1,1,1,1,1,1,1,1,1,1,1,0,1,1,1,1,1,1,1,0,1,1,0,1,1,1,1,1,1,1,1,1
CBL_HUMAN---CD2AP_HUMAN,1,1,1,1,1,1,1,1,1,0,1,1,1,1,1,0,1,1,1,1,1,1,1,1,1,1,1,1,1,0,1,1,1,1,1,1,1,0,1,1,0,1,1,1,1,1,1,1,1,1
CBL_HUMAN---CRKL_HUMAN,1,1,1,1,1,1,1,1,1,1,1,1,1,1,1,1,1,1,1,1,1,1,1,1,1,1,1,1,1,1,1,1,1,1,1,1,1,1,1,1,1,1,1,1,1,1,1,1,1,1
CBL_HUMAN---EGFR_HUMAN,1,1,1,1,1,1,1,1,1,1,1,1,1,1,1,1,1,1,1,1,1,1,1,1,1,1,1,1,1,1,1,1,1,1,1,1,1,1,1,1,1,1,1,1,1,1,1,1,1,1
CBL_HUMAN---EPHA2_HUMAN,1,1,1,1,1,1,1,1,1,0,1,1,1,1,1,0,1,1,1,1,1,1,1,1,1,1,1,1,1,0,1,1,1,1,1,1,1,0,1,1,0,1,1,1,1,1,1,1,1,1
CBL_HUMAN---FYN_HUMAN,1,1,1,1,1,1,1,1,1,1,1,1,1,1,1,1,1,1,1,1,1,1,1,1,1,1,1,1,1,1,1,1,1,1,1,1,1,1,1,1,1,1,1,1,1,1,1,1,1,1
CBL_HUMAN---ITSN1_HUMAN,1,1,1,1,1,1,1,1,1,0,1,1,1,1,1,0,1,1,1,1,1,1,1,1,1,1,1,1,1,0,1,1,1,1,1,1,1,0,1,1,0,1,1,1,1,1,1,1,1,1
CBL_HUMAN---PLCG1_HUMAN,1,1,1,1,1,1,1,1,1,1,1,1,1,1,1,1,1,1,1,1,1,1,1,1,1,1,1,1,1,1,1,1,1,1,1,1,1,1,1,1,1,1,1,1,1,1,1,1,1,1
CBL_HUMAN---SHIP2_HUMAN,1,1,1,1,1,1,1,1,1,1,1,1,1,1,1,1,1,1,1,1,1,1,1,1,1,1,1,1,1,1,1,1,1,1,1,1,1,1,1,1,1,1,1,1,1,1,1,1,1,1
CBL_HUMAN---SPY1_HUMAN,1,1,1,1,1,1,1,1,1,0,1,1,1,1,1,0,1,1,1,1,1,1,1,1,1,1,1,1,1,0,1,1,1,1,1,1,1,0,1,1,0,1,1,1,1,1,1,1,1,1
ACAP2_HUMAN---CBX1_HUMAN,1,1,1,1,1,1,1,1,1,0,1,1,1,1,0,0,1,1,0,1,1,0,1,0,1,1,1,1,1,0,1,1,1,0,1,1,1,0,1,1,0,1,1,1,1,1,1,1,1,1
CCD25_HUMAN---SMAD2_HUMAN,1,1,1,1,1,1,1,1,1,0,1,1,1,1,0,0,1,1,0,1,1,0,1,0,1,1,1,1,1,0,1,1,1,0,1,1,1,0,1,1,0,1,1,1,1,1,1,1,1,1
AURKB_HUMAN---CCD86_HUMAN,1,1,1,1,1,1,1,1,1,0,1,1,1,1,0,0,1,1,0,1,1,0,1,0,1,1,1,1,1,0,1,1,1,0,1,1,1,0,1,1,0,1,1,1,1,1,1,1,1,1
CD2B2_HUMAN---KHDR1_HUMAN,1,0,1,0,1,0,0,1,0,0,0,0,0,0,1,0,0,0,1,1,0,1,1,1,0,0,0,1,0,0,0,0,0,1,0,0,0,0,1,0,0,0,0,0,1,0,0,1,0,0
CD2B2_HUMAN---SF01_HUMAN,1,1,1,1,1,1,1,1,1,0,1,1,1,1,1,0,1,1,1,1,1,1,1,1,1,1,1,1,1,0,1,1,1,1,1,1,1,0,1,1,0,1,1,1,1,1,1,1,1,1
CD2B2_HUMAN---SNUT2_HUMAN,1,1,1,1,1,1,1,1,1,0,1,1,1,1,1,0,1,1,1,1,1,1,1,1,1,1,1,1,1,0,1,1,1,1,1,1,1,0,1,1,0,1,1,1,1,1,1,1,1,1
CDCA3_HUMAN---CUL1_HUMAN,1,1,1,1,1,1,1,1,1,0,1,1,1,1,0,0,1,1,0,1,1,0,1,0,1,1,1,1,1,0,1,1,1,0,1,1,1,0,1,1,0,1,1,1,1,1,1,1,1,1
BAG6_HUMAN---CDK16_HUMAN,1,1,1,1,1,1,1,1,1,0,1,1,1,1,0,0,1,1,0,1,1,0,1,0,1,1,1,1,1,0,1,1,1,0,1,1,1,0,1,1,0,1,1,1,1,1,1,1,1,1
CDK16_HUMAN---KAPCA_HUMAN,1,1,1,1,1,1,1,1,1,0,1,1,1,1,0,0,1,1,0,1,1,0,1,0,1,1,1,1,1,0,1,1,1,0,1,1,1,0,1,1,0,1,1,1,1,1,1,1,1,1
41_HUMAN---CDK1_HUMAN,1,1,1,1,1,1,1,1,1,0,1,1,1,1,1,0,1,1,1,1,1,1,1,1,1,1,1,1,1,0,1,1,1,1,1,1,1,0,1,1,0,1,1,1,1,1,1,1,1,1
AHNK_HUMAN---CDK1_HUMAN,1,1,1,1,1,1,1,1,1,0,1,1,1,1,0,0,1,1,0,1,1,0,1,0,1,1,1,1,1,0,1,1,1,0,1,1,1,0,1,1,0,1,1,1,1,1,1,1,1,1
APC1_HUMAN---CDK1_HUMAN,1,1,1,1,1,1,1,1,1,0,1,1,1,1,0,0,1,1,0,1,1,0,1,0,1,1,1,1,1,0,1,1,1,0,1,1,1,0,1,1,0,1,1,1,1,1,1,1,1,1
BUD13_HUMAN---CDK1_HUMAN,1,1,1,1,1,1,1,1,1,0,1,1,1,1,0,0,1,1,0,1,1,0,1,0,1,1,1,1,1,0,1,1,1,0,1,1,1,0,1,1,0,1,1,1,1,1,1,1,1,1
CDK1_HUMAN---DDX3X_HUMAN,1,1,1,1,1,1,1,1,1,1,1,1,1,1,1,1,1,1,1,1,1,1,1,1,1,1,1,1,1,1,1,1,1,1,1,1,1,1,1,1,1,1,1,1,1,1,1,1,1,1
CDK1_HUMAN---DNLI1_HUMAN,1,1,1,1,1,1,1,1,1,0,1,1,1,1,0,0,1,1,0,1,1,0,1,0,1,1,1,1,1,0,1,1,1,0,1,1,1,0,1,1,0,1,1,1,1,1,1,1,1,1
CDK1_HUMAN---DNLI3_HUMAN,1,1,1,1,1,1,1,1,1,0,1,1,1,1,1,0,1,1,1,1,1,1,1,1,1,1,1,1,1,0,1,1,1,1,1,1,1,0,1,1,0,1,1,1,1,1,1,1,1,1
CDK1_HUMAN---DNM1L_HUMAN,1,1,1,1,1,1,1,1,1,0,1,1,1,1,1,0,1,1,1,1,1,1,1,1,1,1,1,1,1,0,1,1,1,1,1,1,1,0,1,1,0,1,1,1,1,1,1,1,1,1
CDK1_HUMAN---EF1D_HUMAN,1,1,1,1,1,1,1,1,1,0,1,1,1,1,1,0,1,1,1,1,1,1,1,1,1,1,1,1,1,0,1,1,1,1,1,1,1,0,1,1,0,1,1,1,1,1,1,1,1,1
CDK1_HUMAN---EZH2_HUMAN,1,1,1,1,1,1,1,1,1,0,1,1,1,1,0,0,1,1,0,1,1,0,1,0,1,1,1,1,1,0,1,1,1,0,1,1,1,0,1,1,0,1,1,1,1,1,1,1,1,1
CDK1_HUMAN---GUAA_HUMAN,1,1,1,1,1,1,1,1,1,0,1,1,1,1,0,0,1,1,0,1,1,0,1,0,1,1,1,1,1,0,1,1,1,0,1,1,1,0,1,1,0,1,1,1,1,1,1,1,1,1
CDK1_HUMAN---KAT7_HUMAN,1,1,1,1,1,1,1,1,1,0,1,1,1,1,0,0,1,1,0,1,1,0,1,0,1,1,1,1,1,0,1,1,1,0,1,1,1,0,1,1,0,1,1,1,1,1,1,1,1,1
CDK1_HUMAN---KI67_HUMAN,1,1,1,1,1,1,1,1,1,0,1,1,1,1,1,0,1,1,1,1,1,1,1,1,1,1,1,1,1,0,1,1,1,1,1,1,1,0,1,1,0,1,1,1,1,1,1,1,1,1
CDK1_HUMAN---LAP2A_HUMAN,1,1,1,1,1,1,1,1,1,0,1,1,1,1,0,0,1,1,0,1,1,0,1,0,1,1,1,1,1,0,1,1,1,0,1,1,1,0,1,1,0,1,1,1,1,1,1,1,1,1
CDK1_HUMAN---NPM_HUMAN,1,1,1,1,1,1,1,1,1,1,1,1,1,1,1,1,1,1,1,1,1,1,1,1,1,1,1,1,1,1,1,1,1,1,1,1,1,1,1,1,1,1,1,1,1,1,1,1,1,1
CDK1_HUMAN---NSF1C_HUMAN,1,1,1,1,1,1,1,1,1,0,1,1,1,1,1,0,1,1,1,1,1,1,1,1,1,1,1,1,1,0,1,1,1,1,1,1,1,0,1,1,0,1,1,1,1,1,1,1,1,1
CDK1_HUMAN---NUCKS_HUMAN,1,1,1,1,1,1,1,1,1,1,1,1,1,1,1,1,1,1,1,1,1,1,1,1,1,1,1,1,1,1,1,1,1,1,1,1,1,1,1,1,1,1,1,1,1,1,1,1,1,1
CDK1_HUMAN---NUP98_HUMAN,1,1,1,1,1,1,1,1,1,0,1,1,1,1,1,0,1,1,1,1,1,1,1,1,1,1,1,1,1,0,1,1,1,1,1,1,1,0,1,1,0,1,1,1,1,1,1,1,1,1
CDK1_HUMAN---PALLD_HUMAN,1,1,1,1,1,1,1,1,1,0,1,1,1,1,0,0,1,1,0,1,1,0,1,0,1,1,1,1,1,0,1,1,1,0,1,1,1,0,1,1,0,1,1,1,1,1,1,1,1,1
CDK1_HUMAN---PDS5B_HUMAN,1,1,1,0,1,1,1,1,0,0,0,0,1,0,1,0,0,1,1,1,1,1,1,1,1,0,0,1,1,0,0,1,1,1,1,1,0,0,1,0,0,0,0,1,1,1,0,1,1,0
CDK1_HUMAN---PTN2_HUMAN,1,1,1,1,1,1,1,1,1,0,1,1,1,1,1,0,1,1,1,1,1,1,1,1,1,1,1,1,1,0,1,1,1,1,1,1,1,0,1,1,0,1,1,1,1,1,1,1,1,1
CDK1_HUMAN---PUR6_HUMAN,1,1,1,1,1,1,1,1,1,0,1,1,1,1,1,0,1,1,1,1,1,1,1,1,1,1,1,1,1,0,1,1,1,1,1,1,1,0,1,1,0,1,1,1,1,1,1,1,1,1
CDK1_HUMAN---RBP2_HUMAN,1,1,1,1,1,1,1,1,1,0,1,1,1,1,1,0,1,1,1,1,1,1,1,1,1,1,1,1,1,0,1,1,1,1,1,1,1,0,1,1,0,1,1,1,1,1,1,1,1,1
CDK1_HUMAN---RFC1_HUMAN,1,1,1,1,1,1,1,1,1,0,1,1,1,1,0,0,1,1,0,1,1,0,1,0,1,1,1,1,1,0,1,1,1,0,1,1,1,0,1,1,0,1,1,1,1,1,1,1,1,1
CDK1_HUMAN---SRRM2_HUMAN,1,1,1,1,1,1,1,1,1,0,1,1,1,1,1,1,1,1,1,1,1,1,1,1,1,1,1,1,1,0,1,1,1,1,1,1,1,0,1,1,0,1,1,1,1,1,1,1,1,1
CDK1_HUMAN---STMN1_HUMAN,1,1,1,1,1,1,1,1,1,0,1,1,1,1,1,0,1,1,1,1,1,1,1,1,1,1,1,1,1,0,1,1,1,1,1,1,1,0,1,1,0,1,1,1,1,1,1,1,1,1
CDK1_HUMAN---TCOF_HUMAN,1,1,1,1,1,1,1,1,1,0,1,1,1,1,1,0,1,1,1,1,1,1,1,1,1,1,1,1,1,0,1,1,1,1,1,1,1,0,1,1,0,1,1,1,1,1,1,1,1,1
CDK1_HUMAN---TFPT_HUMAN,1,1,1,1,1,1,1,1,1,0,1,1,1,1,0,0,1,1,0,1,1,0,1,0,1,1,1,1,1,0,1,1,1,0,1,1,1,0,1,1,0,1,1,1,1,1,1,1,1,1
CDK5_HUMAN---P53_HUMAN,1,1,1,1,1,1,1,1,1,0,1,1,1,1,1,0,1,1,1,1,1,1,1,1,1,1,1,1,1,0,1,1,1,1,1,1,1,0,1,1,0,1,1,1,1,1,1,1,1,1
CDKL5_HUMAN---FYN_HUMAN,1,1,1,1,1,1,1,1,1,0,1,1,1,1,0,0,1,1,0,1,1,0,1,0,1,1,1,1,1,0,1,1,1,0,1,1,1,0,1,1,0,1,1,1,1,1,1,1,1,1
CEBPZ_HUMAN---PEBB_HUMAN,1,1,1,1,1,1,1,1,1,0,1,1,1,1,1,0,1,1,1,1,1,1,1,1,1,1,1,1,1,0,1,1,1,1,1,1,1,0,1,1,0,1,1,1,1,1,1,1,1,1
CFDP1_HUMAN---SMAD3_HUMAN,1,1,1,1,1,1,1,1,1,0,1,1,1,1,1,0,1,1,1,1,1,1,1,1,1,1,1,1,1,0,1,1,1,1,1,1,1,0,1,1,0,1,1,1,1,1,1,1,1,1
CFTR_HUMAN---NHRF1_HUMAN,1,1,1,1,1,1,1,1,1,0,1,1,1,1,1,0,1,1,1,1,1,1,1,1,1,1,1,1,1,0,1,1,1,1,1,1,1,0,1,1,0,1,1,1,1,1,1,1,1,1
B2L13_HUMAN---CH60_HUMAN,1,1,1,1,1,1,1,1,1,0,1,1,1,1,0,0,1,1,0,1,1,0,1,0,1,1,1,1,1,0,1,1,1,0,1,1,1,0,1,1,0,1,1,1,1,1,1,1,1,1
CH10_HUMAN---CH60_HUMAN,1,1,1,1,1,1,1,1,1,0,1,1,1,1,0,0,1,1,0,1,1,0,1,0,1,1,1,1,1,0,1,1,1,0,1,1,1,0,1,1,0,1,1,1,1,1,1,1,1,1
CHD3_HUMAN---PAIRB_HUMAN,1,1,1,1,1,1,1,1,1,0,1,1,1,1,1,0,1,1,1,1,1,1,1,1,1,1,1,1,1,0,1,1,1,1,1,1,1,0,1,1,0,1,1,1,1,1,1,1,1,1
CHD3_HUMAN---TIF1B_HUMAN,1,1,1,1,1,1,1,1,1,0,1,1,1,1,0,0,1,1,0,1,1,0,1,0,1,1,1,1,1,0,1,1,1,0,1,1,1,0,1,1,0,1,1,1,1,1,1,1,1,1
CHIP_HUMAN---HS90A_HUMAN,1,1,1,1,1,1,1,1,1,0,1,1,1,1,1,0,1,1,1,1,1,1,1,1,1,1,1,1,1,0,1,1,1,1,1,1,1,0,1,1,0,1,1,1,1,1,1,1,1,1
CHIP_HUMAN---P53_HUMAN,1,1,1,1,1,1,1,1,1,0,1,1,1,1,1,0,1,1,1,1,1,1,1,1,1,1,1,1,1,0,1,1,1,1,1,1,1,0,1,1,0,1,1,1,1,1,1,1,1,1
1433G_HUMAN---CLAP1_HUMAN,1,1,1,1,1,1,1,1,1,0,1,1,1,1,1,0,1,1,1,1,1,1,1,1,1,1,1,1,1,0,1,1,1,1,1,1,1,0,1,1,0,1,1,1,1,1,1,1,1,1
CLSPN_HUMAN---HERC2_HUMAN,1,1,1,1,1,1,1,1,1,0,1,1,1,1,0,0,1,1,0,1,1,0,1,0,1,1,1,1,1,0,1,1,1,0,1,1,1,0,1,1,0,1,1,1,1,1,1,1,1,1
ARHG5_HUMAN---CRKL_HUMAN,1,1,1,1,1,1,1,1,1,1,1,1,1,1,1,1,1,1,1,1,1,1,1,1,1,1,1,1,1,1,1,1,1,1,1,1,1,1,1,1,1,1,1,1,1,1,1,1,1,1
BCAR1_HUMAN---CRKL_HUMAN,1,1,1,1,1,1,1,1,1,1,1,1,1,1,1,1,1,1,1,1,1,1,1,1,1,1,1,1,1,1,1,1,1,1,1,1,1,1,1,1,1,1,1,1,1,1,1,1,1,1
ABCF1_HUMAN---CSK21_HUMAN,1,1,1,1,1,1,1,1,1,0,1,1,1,1,1,0,1,1,1,1,1,1,1,1,1,1,1,1,1,0,1,1,1,1,1,1,1,0,1,1,0,1,1,1,1,1,1,1,1,1
CALM_HUMAN---CSK21_HUMAN,1,1,1,1,1,1,1,1,1,0,1,1,1,1,0,0,1,1,0,1,1,0,1,0,1,1,1,1,1,0,1,1,1,0,1,1,1,0,1,1,0,1,1,1,1,1,1,1,1,1
CPSF7_HUMAN---CSK21_HUMAN,1,1,1,1,1,1,1,1,1,0,1,1,1,1,0,0,1,1,0,1,1,0,1,0,1,1,1,1,1,0,1,1,1,0,1,1,1,0,1,1,0,1,1,1,1,1,1,1,1,1
CSK21_HUMAN---RPRD2_HUMAN,1,1,1,1,1,1,1,1,1,0,1,1,1,1,1,0,1,1,1,1,1,1,1,1,1,1,1,1,1,0,1,1,1,1,1,1,1,0,1,1,0,1,1,1,1,1,1,1,1,1
CSK21_HUMAN---VAMP4_HUMAN,1,1,1,1,1,1,1,1,1,0,1,1,1,1,1,0,1,1,1,1,1,1,1,1,1,1,1,1,1,0,1,1,1,1,1,1,1,0,1,1,0,1,1,1,1,1,1,1,1,1
CSN6_HUMAN---MA7D1_HUMAN,1,1,1,1,1,1,1,1,1,0,1,1,1,1,0,0,1,1,0,1,1,0,1,0,1,1,1,1,1,0,1,1,1,0,1,1,1,0,1,1,0,1,1,1,1,1,1,1,1,1
CSN6_HUMAN---VPRBP_HUMAN,1,1,1,1,1,1,1,1,1,0,1,1,1,1,0,0,1,1,0,1,1,0,1,0,1,1,1,1,1,0,1,1,1,0,1,1,1,0,1,1,0,1,1,1,1,1,1,1,1,1
AP3D1_HUMAN---CTNB1_HUMAN,1,1,1,1,1,1,1,1,1,0,1,1,1,1,1,0,1,1,1,1,1,1,1,1,1,1,1,1,1,0,1,1,1,1,1,1,1,0,1,1,0,1,1,1,1,1,1,1,1,1
APC_HUMAN---CTNB1_HUMAN,1,1,1,1,1,1,1,1,1,0,1,1,1,1,1,0,1,1,1,1,1,1,1,1,1,1,1,1,1,0,1,1,1,1,1,1,1,0,1,1,0,1,1,1,1,1,1,1,1,1
CTNB1_HUMAN---LAP2_HUMAN,1,1,1,1,1,1,1,1,1,0,1,1,1,1,1,0,1,1,1,1,1,1,1,1,1,1,1,1,1,0,1,1,1,1,1,1,1,0,1,1,0,1,1,1,1,1,1,1,1,1
CTND1_HUMAN---FYN_HUMAN,1,1,1,1,1,1,1,1,1,0,1,1,1,1,1,0,1,1,1,1,1,1,1,1,1,1,1,1,1,0,1,1,1,1,1,1,1,0,1,1,0,1,1,1,1,1,1,1,1,1
CUL4B_HUMAN---HS90A_HUMAN,1,1,1,1,1,1,1,1,1,0,1,1,1,1,0,0,1,1,0,1,1,0,1,0,1,1,1,1,1,0,1,1,1,0,1,1,1,0,1,1,0,1,1,1,1,1,1,1,1,1
CUL4B_HUMAN---VPRBP_HUMAN,1,1,1,1,1,1,1,1,1,0,1,1,1,1,0,0,1,1,0,1,1,0,1,0,1,1,1,1,1,0,1,1,1,0,1,1,1,0,1,1,0,1,1,1,1,1,1,1,1,1
DDA1_HUMAN---VPRBP_HUMAN,1,1,1,1,1,1,1,1,1,0,1,1,1,1,0,0,1,1,0,1,1,0,1,0,1,1,1,1,1,0,1,1,1,0,1,1,1,0,1,1,0,1,1,1,1,1,1,1,1,1
DDX21_HUMAN---JUN_HUMAN,1,1,1,1,1,1,1,1,1,1,1,1,1,1,1,0,1,1,1,1,1,1,1,1,1,1,1,1,1,0,1,1,1,1,1,1,1,1,1,1,0,1,1,1,1,1,1,1,1,1
DDX24_HUMAN---HS90B_HUMAN,1,1,1,1,1,1,1,1,1,0,1,1,1,1,0,0,1,1,0,1,1,0,1,0,1,1,1,1,1,0,1,1,1,0,1,1,1,0,1,1,0,1,1,1,1,1,1,1,1,1
DDX24_HUMAN---SPTN1_HUMAN,1,1,1,1,1,1,1,1,1,0,1,1,1,1,0,0,1,1,0,1,1,0,1,0,1,1,1,1,1,0,1,1,1,0,1,1,1,0,1,1,0,1,1,1,1,1,1,1,1,1
DDX3X_HUMAN---EIF3B_HUMAN,1,1,1,1,1,1,1,1,1,0,1,1,1,1,1,0,1,1,1,1,1,1,1,1,1,1,1,1,1,0,1,1,1,1,1,1,1,0,1,1,0,1,1,1,1,1,1,1,1,1
DDX3X_HUMAN---IF4G1_HUMAN,1,1,1,1,1,1,1,1,1,0,1,1,1,1,1,0,1,1,1,1,1,1,1,1,1,1,1,1,1,0,1,1,1,1,1,1,1,0,1,1,0,1,1,1,1,1,1,1,1,1
DDX46_HUMAN---SRPK2_HUMAN,1,1,1,1,1,1,1,1,1,0,1,1,1,1,1,0,1,1,1,1,1,1,1,1,1,1,1,1,1,0,1,1,1,1,1,1,1,0,1,1,0,1,1,1,1,1,1,1,1,1
DDX46_HUMAN---SRS11_HUMAN,1,1,1,1,1,1,1,1,1,0,1,1,1,1,0,0,1,1,0,1,1,0,1,0,1,1,1,1,1,0,1,1,1,0,1,1,1,0,1,1,0,1,1,1,1,1,1,1,1,1
CEBPZ_HUMAN---DDX55_HUMAN,1,1,1,1,1,1,1,1,1,0,1,1,1,1,1,0,1,1,1,1,1,1,1,1,1,1,1,1,1,0,1,1,1,1,1,1,1,0,1,1,0,1,1,1,1,1,1,1,1,1
DDX55_HUMAN---NOC2L_HUMAN,1,1,1,1,1,1,1,1,1,0,1,1,1,1,1,0,1,1,1,1,1,1,1,1,1,1,1,1,1,0,1,1,1,1,1,1,1,0,1,1,0,1,1,1,1,1,1,1,1,1
DNMT1_HUMAN---SIR1_HUMAN,1,1,1,1,1,1,1,1,1,0,1,1,1,1,1,0,1,1,1,1,1,1,1,1,1,1,1,1,1,0,1,1,1,1,1,1,1,0,1,1,0,1,1,1,1,1,1,1,1,1
DOCK1_HUMAN---FYN_HUMAN,1,1,1,1,1,1,1,1,1,0,1,1,1,1,1,0,1,1,1,1,1,1,1,1,1,1,1,1,1,0,1,1,1,1,1,1,1,0,1,1,1,1,1,1,1,1,1,1,1,1
DYR1B_HUMAN---MK01_HUMAN,1,1,1,1,1,1,1,1,1,0,1,1,1,1,1,0,1,1,1,1,1,1,1,1,1,1,1,1,1,0,1,1,1,1,1,1,1,0,1,1,0,1,1,1,1,1,1,1,1,1
DYR1B_HUMAN---SF3B1_HUMAN,1,1,1,1,1,1,1,1,1,0,1,1,1,1,1,0,1,1,1,1,1,1,1,1,1,1,1,1,1,0,1,1,1,1,1,1,1,0,1,1,0,1,1,1,1,1,1,1,1,1
CH10_HUMAN---EF1A1_HUMAN,1,1,1,1,1,1,1,1,1,0,1,1,1,1,1,0,1,1,1,1,1,1,1,1,1,1,1,1,1,0,1,1,1,1,1,1,1,0,1,1,0,1,1,1,1,1,1,1,1,1
EF1A1_HUMAN---PLCG1_HUMAN,1,1,1,1,1,1,1,1,1,1,1,1,1,1,1,1,1,1,1,1,1,1,1,1,1,1,1,1,1,1,1,1,1,1,1,1,1,1,1,1,1,1,1,1,1,1,1,1,1,1
EFNB2_HUMAN---EPHA3_HUMAN,1,1,1,1,1,1,1,1,1,0,1,1,1,1,1,0,1,1,1,1,1,1,1,1,1,1,1,1,1,0,1,1,1,1,1,1,1,0,1,1,0,1,1,1,1,1,1,1,1,1
AKA12_HUMAN---EGFR_HUMAN,1,1,1,1,1,1,1,1,1,0,1,1,1,1,1,0,1,1,1,1,1,1,1,1,1,1,1,1,1,0,1,1,1,1,1,1,1,0,1,1,0,1,1,1,1,1,1,1,1,1
ANS1A_HUMAN---EGFR_HUMAN,1,1,1,1,1,1,1,1,1,0,1,1,1,1,1,0,1,1,1,1,1,1,1,1,1,1,1,1,1,0,1,1,1,1,1,1,1,0,1,1,0,1,1,1,1,1,1,1,1,1
BIG3_HUMAN---EGFR_HUMAN,1,1,1,1,1,1,1,1,1,0,1,1,1,1,0,0,1,1,0,1,1,0,1,0,1,1,1,1,1,0,1,1,1,0,1,1,1,0,1,1,0,1,1,1,1,1,1,1,1,1
CBLB_HUMAN---EGFR_HUMAN,1,1,1,1,1,1,1,1,1,1,1,1,1,1,1,1,1,1,1,1,1,1,1,1,1,1,1,1,1,1,1,1,1,1,1,1,1,1,1,1,1,1,1,1,1,1,1,1,1,1
EGFR_HUMAN---EPN1_HUMAN,1,1,1,1,1,1,1,1,1,0,1,1,1,1,1,0,1,1,1,1,1,1,1,1,1,1,1,1,1,0,1,1,1,1,1,1,1,0,1,1,0,1,1,1,1,1,1,1,1,1
EGFR_HUMAN---FAK1_HUMAN,1,1,1,1,1,1,1,1,1,1,1,1,1,1,1,1,1,1,1,1,1,1,1,1,1,1,1,1,1,1,1,1,1,1,1,1,1,1,1,1,1,1,1,1,1,1,1,1,1,1
EGFR_HUMAN---HGS_HUMAN,1,1,1,1,1,1,1,1,1,1,1,1,1,1,1,1,1,1,1,1,1,1,1,1,1,1,1,1,1,1,1,1,1,1,1,1,1,1,1,1,1,1,1,1,1,1,1,1,1,1
EGFR_HUMAN---HS90A_HUMAN,1,1,1,1,1,1,1,1,1,0,1,1,1,1,1,0,1,1,1,1,1,1,1,1,1,1,1,1,1,0,1,1,1,1,1,1,1,0,1,1,0,1,1,1,1,1,1,1,1,1
EGFR_HUMAN---TELO2_HUMAN,1,1,1,1,1,1,1,1,1,1,1,1,1,1,1,1,1,1,1,1,1,1,1,1,1,1,1,1,1,1,1,1,1,1,1,1,1,1,1,1,1,1,1,1,1,1,1,1,1,1
EGFR_HUMAN---TM1L1_HUMAN,1,1,1,1,1,1,1,1,1,0,1,1,1,1,1,0,1,1,1,1,1,1,1,1,1,1,1,1,1,0,1,1,1,1,1,1,1,0,1,1,0,1,1,1,1,1,1,1,1,1
EGFR_HUMAN---UBP8_HUMAN,1,1,1,1,1,1,1,1,1,0,1,1,1,1,0,0,1,1,0,1,1,0,1,0,1,1,1,1,1,0,1,1,1,0,1,1,1,0,1,1,0,1,1,1,1,1,1,1,1,1
EGFR_HUMAN---EGF_HUMAN,1,1,1,1,1,1,1,1,1,1,1,1,1,1,1,1,1,1,1,1,1,1,1,1,1,1,1,1,1,1,1,1,1,1,1,1,1,1,1,1,1,1,1,1,1,1,1,1,1,1
EGLN1_HUMAN---HIF1A_HUMAN,1,1,1,1,1,1,1,1,1,0,1,1,1,1,1,0,1,1,1,1,1,1,1,1,1,1,1,1,1,0,1,1,1,1,1,1,1,0,1,1,0,1,1,1,1,1,1,1,1,1
EIF3B_HUMAN---EIF3G_HUMAN,1,1,1,1,1,1,1,1,1,0,1,1,1,1,0,0,1,1,0,1,1,0,1,0,1,1,1,1,1,0,1,1,1,0,1,1,1,0,1,1,0,1,1,1,1,1,1,1,1,1
EGFR_HUMAN---ENPL_HUMAN,1,1,1,1,1,1,1,1,1,0,1,1,1,1,1,0,1,1,1,1,1,1,1,1,1,1,1,1,1,0,1,1,1,1,1,1,1,0,1,1,0,1,1,1,1,1,1,1,1,1
EP15R_HUMAN---EPN1_HUMAN,1,1,1,1,1,1,1,1,1,0,1,1,1,1,0,0,1,1,0,1,1,0,1,0,1,1,1,1,1,0,1,1,1,0,1,1,1,0,1,1,0,1,1,1,1,1,1,1,1,1
AFAD_HUMAN---EPHA7_HUMAN,1,1,1,1,1,1,1,1,1,1,1,1,1,1,1,1,1,1,1,1,1,1,1,1,1,1,1,1,1,1,1,1,1,1,1,1,1,1,1,1,1,1,1,1,1,1,1,1,1,1
EPHA2_HUMAN---EPHA7_HUMAN,1,1,1,1,1,1,1,1,1,0,1,1,1,1,1,0,1,1,1,1,1,1,1,1,1,1,1,1,1,0,1,1,1,1,1,1,1,0,1,1,0,1,1,1,1,1,1,1,1,1
EPHA3_HUMAN---EPHA7_HUMAN,1,1,1,1,1,1,1,1,1,1,1,1,1,1,1,1,1,1,1,1,1,1,1,1,1,1,1,1,1,1,1,1,1,1,1,1,1,1,1,1,1,1,1,1,1,1,1,1,1,1
EPN1_HUMAN---EPS15_HUMAN,1,1,1,1,1,1,1,1,1,0,1,1,1,1,1,0,1,1,1,1,1,1,1,1,1,1,1,1,1,0,1,1,1,1,1,1,1,0,1,1,0,1,1,1,1,1,1,1,1,1
F208A_HUMAN---TM1L1_HUMAN,1,1,1,1,1,1,1,1,1,0,1,1,1,1,1,0,1,1,1,1,1,1,1,1,1,1,1,1,1,0,1,1,1,1,1,1,1,0,1,1,0,1,1,1,1,1,1,1,1,1
FA21A_HUMAN---ROCK1_HUMAN,1,1,1,1,1,1,1,1,1,0,1,1,1,1,0,0,1,1,0,1,1,0,1,0,1,1,1,1,1,0,1,1,1,0,1,1,1,0,1,1,0,1,1,1,1,1,1,1,1,1
FA53C_HUMAN---WNK1_HUMAN,1,1,1,1,1,1,1,1,1,0,1,1,1,1,1,0,1,1,1,1,1,1,1,1,1,1,1,1,1,0,1,1,1,1,1,1,1,0,1,1,0,1,1,1,1,1,1,1,1,1
FACD2_HUMAN---MRE11_HUMAN,1,1,1,1,1,1,1,1,1,0,1,1,1,1,1,0,1,1,1,1,1,1,1,1,1,1,1,1,1,0,1,1,1,1,1,1,1,0,1,1,0,1,1,1,1,1,1,1,1,1
FACD2_HUMAN---WDR48_HUMAN,1,1,1,1,1,1,1,1,1,0,1,1,1,1,1,0,1,1,1,1,1,1,1,1,1,1,1,1,1,0,1,1,1,1,1,1,1,0,1,1,0,1,1,1,1,1,1,1,1,1
FAK1_HUMAN---FGR_HUMAN,1,1,1,1,1,1,1,1,1,0,1,1,1,1,1,0,1,1,1,1,1,1,1,1,1,1,1,1,1,0,1,1,1,1,1,1,1,0,1,1,0,1,1,1,1,1,1,1,1,1
FAK1_HUMAN---PAXI_HUMAN,1,1,1,1,1,1,1,1,1,1,1,1,1,1,1,1,1,1,1,1,1,1,1,1,1,1,1,1,1,1,1,1,1,1,1,1,1,1,1,1,1,1,1,1,1,1,1,1,1,1
FAK1_HUMAN---ROCK1_HUMAN,1,1,1,1,1,1,1,1,1,0,1,1,1,1,1,0,1,1,1,1,1,1,1,1,1,1,1,1,1,0,1,1,1,1,1,1,1,0,1,1,0,1,1,1,1,1,1,1,1,1
CUL1_HUMAN---FBX4_HUMAN,1,1,1,1,1,1,1,1,1,0,1,1,1,1,0,0,1,1,0,1,1,0,1,0,1,1,1,1,1,0,1,1,1,0,1,1,1,0,1,1,0,1,1,1,1,1,1,1,1,1
FBX4_HUMAN---P53_HUMAN,1,1,1,1,1,1,1,1,1,0,1,1,1,1,0,0,1,1,0,1,1,0,1,0,1,1,1,1,1,0,1,1,1,0,1,1,1,0,1,1,0,1,1,1,1,1,1,1,1,1
FKB15_HUMAN---SP1_HUMAN,1,1,1,1,1,1,1,1,1,0,1,1,1,1,0,0,1,1,0,1,1,0,1,0,1,1,1,1,1,0,1,1,1,0,1,1,1,0,1,1,0,1,1,1,1,1,1,1,1,1
FNBP4_HUMAN---KHDR1_HUMAN,1,1,1,1,1,1,1,1,1,0,1,1,1,1,1,0,1,1,1,1,1,1,1,1,1,1,1,1,1,0,1,1,1,1,1,1,1,0,1,1,0,1,1,1,1,1,1,1,1,1
FRIH_HUMAN---IMA1_HUMAN,1,1,1,1,1,1,1,1,1,0,1,1,1,1,0,0,1,1,0,1,1,0,1,0,1,1,1,1,1,0,1,1,1,0,1,1,1,0,1,1,0,1,1,1,1,1,1,1,1,1
FRIH_HUMAN---OPTN_HUMAN,1,1,1,1,1,1,1,1,1,0,1,1,1,1,1,0,1,1,1,1,1,1,1,1,1,1,1,1,1,0,1,1,1,1,1,1,1,0,1,1,0,1,1,1,1,1,1,1,1,1
CPSF5_HUMAN---FUND2_HUMAN,1,1,1,1,1,1,1,1,1,0,1,1,1,1,1,0,1,1,1,1,1,1,1,1,1,1,1,1,1,0,1,1,1,1,1,1,1,0,1,1,0,1,1,1,1,1,1,1,1,1
A4_HUMAN---FYN_HUMAN,1,1,1,1,1,1,1,1,1,0,1,1,1,1,1,0,1,1,1,1,1,1,1,1,1,1,1,1,1,0,1,1,1,1,1,1,1,0,1,1,0,1,1,1,1,1,1,1,1,1
ATX2L_HUMAN---G3BP1_HUMAN,1,1,1,1,1,1,1,1,1,0,1,1,1,1,1,0,1,1,1,1,1,1,1,1,1,1,1,1,1,0,1,1,1,1,1,1,1,0,1,1,0,1,1,1,1,1,1,1,1,1
EDC4_HUMAN---G3BP1_HUMAN,1,1,1,1,1,1,1,1,1,0,1,1,1,1,0,0,1,1,0,1,1,0,1,0,1,1,1,1,1,0,1,1,1,0,1,1,1,0,1,1,0,1,1,1,1,1,1,1,1,1
G3BP1_HUMAN---LCK_HUMAN,1,1,1,1,1,1,1,1,1,0,1,1,1,1,1,0,1,1,1,1,1,1,1,1,1,1,1,1,1,0,1,1,1,1,1,1,1,0,1,1,0,1,1,1,1,1,1,1,1,1
G3BP1_HUMAN---RL14_HUMAN,1,1,1,1,1,1,1,1,1,0,1,1,1,1,1,0,1,1,1,1,1,1,1,1,1,1,1,1,1,0,1,1,1,1,1,1,1,0,1,1,0,1,1,1,1,1,1,1,1,1
G3BP1_HUMAN---UBP10_HUMAN,1,1,1,1,1,1,1,1,1,0,1,1,1,1,1,0,1,1,1,1,1,1,1,1,1,1,1,1,1,0,1,1,1,1,1,1,1,0,1,1,0,1,1,1,1,1,1,1,1,1
GAB1_HUMAN---PTN11_HUMAN,1,1,1,1,1,1,1,1,1,1,1,1,1,1,1,1,1,1,1,1,1,1,1,1,1,1,1,1,1,1,1,1,1,1,1,1,1,1,1,1,1,1,1,1,1,1,1,1,1,1
GGA3_HUMAN---HGS_HUMAN,1,1,1,1,1,1,1,1,1,0,1,1,1,1,1,0,1,1,1,1,1,1,1,1,1,1,1,1,1,0,1,1,1,1,1,1,1,0,1,1,0,1,1,1,1,1,1,1,1,1
ARHG7_HUMAN---GIT1_HUMAN,1,1,1,1,1,1,1,1,1,0,1,1,1,1,1,0,1,1,1,1,1,1,1,1,1,1,1,1,1,0,1,1,1,1,1,1,1,0,1,1,0,1,1,1,1,1,1,1,1,1
GPN1_HUMAN---TCOF_HUMAN,1,1,1,0,1,1,1,1,0,0,0,1,1,1,1,0,1,1,1,1,1,1,1,1,1,0,1,1,1,0,1,1,1,1,1,1,0,0,1,1,0,1,1,1,1,1,1,1,1,1
CBL_HUMAN---GRB2_HUMAN,1,1,1,1,1,1,1,1,1,1,1,1,1,1,1,1,1,1,1,1,1,1,1,1,1,1,1,1,1,1,1,1,1,1,1,1,1,1,1,1,1,1,1,1,1,1,1,1,1,1
DAB2_HUMAN---GRB2_HUMAN,1,1,1,1,1,1,1,1,1,0,1,1,1,1,0,0,1,1,0,1,1,0,1,0,1,1,1,1,1,0,1,1,1,0,1,1,1,0,1,1,0,1,1,1,1,1,1,1,1,1
DOCK4_HUMAN---GRB2_HUMAN,1,1,1,1,1,1,1,1,1,0,1,1,1,1,1,0,1,1,1,1,1,1,1,1,1,1,1,1,1,0,1,1,1,1,1,1,1,0,1,1,0,1,1,1,1,1,1,1,1,1
GAREM_HUMAN---GRB2_HUMAN,1,1,1,1,1,1,1,1,1,1,1,1,1,1,1,1,1,1,1,1,1,1,1,1,1,1,1,1,1,1,1,1,1,1,1,1,1,1,1,1,1,1,1,1,1,1,1,1,1,1
GIT1_HUMAN---GRB2_HUMAN,1,1,1,1,1,1,1,1,1,0,1,1,1,1,1,0,1,1,1,1,1,1,1,1,1,1,1,1,1,0,1,1,1,1,1,1,1,0,1,1,0,1,1,1,1,1,1,1,1,1
GRB2_HUMAN---IRS4_HUMAN,1,1,1,1,1,1,1,1,1,1,1,1,1,1,1,1,1,1,1,1,1,1,1,1,1,1,1,1,1,1,1,1,1,1,1,1,1,1,1,1,1,1,1,1,1,1,1,1,1,1
GRB2_HUMAN---PTN11_HUMAN,1,1,1,1,1,1,1,1,1,1,1,1,1,1,1,1,1,1,1,1,1,1,1,1,1,1,1,1,1,1,1,1,1,1,1,1,1,1,1,1,1,1,1,1,1,1,1,1,1,1
GRB2_HUMAN---PTN18_HUMAN,1,1,1,1,1,1,1,1,1,0,1,1,1,1,1,0,1,1,1,1,1,1,1,1,1,1,1,1,1,0,1,1,1,1,1,1,1,0,1,1,0,1,1,1,1,1,1,1,1,1
GRB2_HUMAN---PTPRA_HUMAN,1,1,1,1,1,1,1,1,1,0,1,1,1,1,0,0,1,1,0,1,1,0,1,0,1,1,1,1,1,0,1,1,1,0,1,1,1,0,1,1,0,1,1,1,1,1,1,1,1,1
GRB2_HUMAN---RBM33_HUMAN,1,1,1,1,1,1,1,1,1,0,1,1,1,1,1,0,1,1,1,1,1,1,1,1,1,1,1,1,1,0,1,1,1,1,1,1,1,0,1,1,0,1,1,1,1,1,1,1,1,1
GRB2_HUMAN---SH24A_HUMAN,1,1,1,1,1,1,1,1,1,0,1,1,1,1,0,0,1,1,0,1,1,0,1,0,1,1,1,1,1,0,1,1,1,0,1,1,1,0,1,1,0,1,1,1,1,1,1,1,1,1
GRB2_HUMAN---SHC1_HUMAN,1,1,1,1,1,1,1,1,1,1,1,1,1,1,1,1,1,1,1,1,1,1,1,1,1,1,1,1,1,1,1,1,1,1,1,1,1,1,1,1,1,1,1,1,1,1,1,1,1,1
GRB2_HUMAN---WIPF2_HUMAN,1,1,1,1,1,1,1,1,1,0,1,1,1,1,1,0,1,1,1,1,1,1,1,1,1,1,1,1,1,0,1,1,1,1,1,1,1,0,1,1,0,1,1,1,1,1,1,1,1,1
CTNB1_HUMAN---GSK3A_HUMAN,1,1,1,1,1,1,1,1,1,0,1,1,1,1,1,0,1,1,1,1,1,1,1,1,1,1,1,1,1,0,1,1,1,1,1,1,1,0,1,1,0,1,1,1,1,1,1,1,1,1
H1X_HUMAN---HDGF_HUMAN,1,1,1,1,1,1,1,1,1,0,1,1,1,1,0,0,1,1,0,1,1,0,1,0,1,1,1,1,1,0,1,1,1,0,1,1,1,0,1,1,0,1,1,1,1,1,1,1,1,1
H31T_HUMAN---HS90A_HUMAN,1,1,1,1,1,1,1,1,1,0,1,1,1,1,0,0,1,1,0,1,1,0,1,0,1,1,1,1,1,0,1,1,1,0,1,1,1,0,1,1,0,1,1,1,1,1,1,1,1,1
CFTR_HUMAN---HACD3_HUMAN,1,1,1,1,1,1,1,1,1,0,1,1,1,1,1,0,1,1,1,1,1,1,1,1,1,1,1,1,1,0,1,1,1,1,1,1,1,0,1,1,0,1,1,1,1,1,1,1,1,1
CHD4_HUMAN---HDAC1_HUMAN,1,1,1,1,1,1,1,1,1,0,1,1,1,1,1,0,1,1,1,1,1,1,1,1,1,1,1,1,1,0,1,1,1,1,1,1,1,0,1,1,0,1,1,1,1,1,1,1,1,1
CTNB1_HUMAN---HDAC1_HUMAN,1,1,1,1,1,1,1,1,1,0,1,1,1,1,1,0,1,1,1,1,1,1,1,1,1,1,1,1,1,0,1,1,1,1,1,1,1,0,1,1,0,1,1,1,1,1,1,1,1,1
DNMT1_HUMAN---HDAC1_HUMAN,1,1,1,1,1,1,1,1,1,0,1,1,1,1,1,0,1,1,1,1,1,1,1,1,1,1,1,1,1,0,1,1,1,1,1,1,1,0,1,1,0,1,1,1,1,1,1,1,1,1
H2AY_HUMAN---HDAC1_HUMAN,1,1,1,1,1,1,1,1,1,0,1,1,1,1,1,0,1,1,1,1,1,1,1,1,1,1,1,1,1,0,1,1,1,1,1,1,1,0,1,1,0,1,1,1,1,1,1,1,1,1
HDAC1_HUMAN---HDAC2_HUMAN,1,1,1,1,1,1,1,1,1,0,1,1,1,1,1,0,1,1,1,1,1,1,1,1,1,1,1,1,1,0,1,1,1,1,1,1,1,0,1,1,0,1,1,1,1,1,1,1,1,1
HDAC1_HUMAN---HDAC9_HUMAN,1,1,1,1,1,1,1,1,1,0,1,1,1,1,1,0,1,1,1,1,1,1,1,1,1,1,1,1,1,0,1,1,1,1,1,1,1,0,1,1,0,1,1,1,1,1,1,1,1,1
HDAC1_HUMAN---NFKB1_HUMAN,1,1,1,1,1,1,1,1,1,0,1,1,1,1,0,0,1,1,0,1,1,0,1,0,1,1,1,1,1,0,1,1,1,0,1,1,1,0,1,1,0,1,1,1,1,1,1,1,1,1
HDAC1_HUMAN---P53_HUMAN,1,1,1,1,1,1,1,1,1,0,1,1,1,1,1,0,1,1,1,1,1,1,1,1,1,1,1,1,1,0,1,1,1,1,1,1,1,0,1,1,0,1,1,1,1,1,1,1,1,1
HDAC1_HUMAN---SP1_HUMAN,1,1,1,1,1,1,1,1,1,0,1,1,1,1,0,0,1,1,0,1,1,0,1,0,1,1,1,1,1,0,1,1,1,0,1,1,1,0,1,1,0,1,1,1,1,1,1,1,1,1
HDAC1_HUMAN---SUV91_HUMAN,1,1,1,1,1,1,1,1,1,0,1,1,1,1,1,0,1,1,1,1,1,1,1,1,1,1,1,1,1,0,1,1,1,1,1,1,1,0,1,1,0,1,1,1,1,1,1,1,1,1
HDAC2_HUMAN---RCOR1_HUMAN,1,1,1,1,1,1,1,1,1,0,1,1,1,1,0,0,1,1,0,1,1,0,1,0,1,1,1,1,1,0,1,1,1,0,1,1,1,0,1,1,0,1,1,1,1,1,1,1,1,1
1433G_HUMAN---HDAC4_HUMAN,1,1,1,1,1,1,1,1,1,0,1,1,1,1,0,0,1,1,0,1,1,0,1,0,1,1,1,1,1,0,1,1,1,0,1,1,1,0,1,1,0,1,1,1,1,1,1,1,1,1
HDAC4_HUMAN---MARK2_HUMAN,1,1,1,1,1,1,1,1,1,0,1,1,1,1,0,0,1,1,0,1,1,0,1,0,1,1,1,1,1,0,1,1,1,0,1,1,1,0,1,1,0,1,1,1,1,1,1,1,1,1
HDAC4_HUMAN---MK01_HUMAN,1,1,1,1,1,1,1,1,1,0,1,1,1,1,0,0,1,1,0,1,1,0,1,0,1,1,1,1,1,0,1,1,1,0,1,1,1,0,1,1,0,1,1,1,1,1,1,1,1,1
DBNL_HUMAN---HERC2_HUMAN,1,1,1,1,1,1,1,1,1,0,1,1,1,1,0,0,1,1,0,1,1,0,1,0,1,1,1,1,1,0,1,1,1,0,1,1,1,0,1,1,0,1,1,1,1,1,1,1,1,1
HEXI2_HUMAN---MEPCE_HUMAN,1,1,1,1,1,1,1,1,1,0,1,1,1,1,0,0,1,1,0,1,1,0,1,0,1,1,1,1,1,0,1,1,1,0,1,1,1,0,1,1,0,1,1,1,1,1,1,1,1,1
HIF1A_HUMAN---HS90A_HUMAN,1,1,1,1,1,1,1,1,1,0,1,1,1,1,1,0,1,1,1,1,1,1,1,1,1,1,1,1,1,0,1,1,1,1,1,1,1,0,1,1,0,1,1,1,1,1,1,1,1,1
HIPK2_HUMAN---P53_HUMAN,1,1,1,1,1,1,1,1,1,0,1,1,1,1,1,0,1,1,1,1,1,1,1,1,1,1,1,1,1,0,1,1,1,1,1,1,1,0,1,1,0,1,1,1,1,1,1,1,1,1
HIPK3_HUMAN---ZYX_HUMAN,1,1,1,1,1,1,1,1,1,0,1,1,1,1,1,0,1,1,1,1,1,1,1,1,1,1,1,1,1,0,1,1,1,1,1,1,1,0,1,1,0,1,1,1,1,1,1,1,1,1
HNRH1_HUMAN---SRRM2_HUMAN,1,0,1,0,1,0,0,0,0,0,0,0,0,0,0,0,0,0,0,0,0,0,1,0,0,0,0,1,0,0,0,0,0,0,0,0,0,0,0,0,0,0,0,0,0,0,0,0,0,0
HNRL1_HUMAN---SF01_HUMAN,1,1,1,1,1,1,1,1,1,0,1,1,1,1,1,0,1,1,1,1,1,1,1,1,1,1,1,1,1,0,1,1,1,1,1,1,1,0,1,1,0,1,1,1,1,1,1,1,1,1
HNRPK_HUMAN---KHDR1_HUMAN,1,1,1,1,1,1,1,1,1,0,1,1,1,1,1,0,1,1,1,1,1,1,1,1,1,1,1,1,1,0,1,1,1,1,1,1,1,0,1,1,0,1,1,1,1,1,1,1,1,1
HNRPK_HUMAN---RBMX_HUMAN,1,1,1,1,1,1,1,1,1,0,1,1,1,1,0,0,1,1,0,1,1,0,1,0,1,1,1,1,1,0,1,1,1,0,1,1,1,0,1,1,0,1,1,1,1,1,1,1,1,1
HNRPU_HUMAN---PLCG1_HUMAN,1,1,1,1,1,1,1,1,1,0,1,1,1,1,1,0,1,1,1,1,1,1,1,1,1,1,1,1,1,0,1,1,1,1,1,1,1,0,1,1,0,1,1,1,1,1,1,1,1,1
HOIL1_HUMAN---RNF31_HUMAN,1,1,1,1,1,1,1,1,1,0,1,1,1,1,1,0,1,1,1,1,1,1,1,1,1,1,1,1,1,0,1,1,1,1,1,1,1,0,1,1,0,1,1,1,1,1,1,1,1,1
HS90A_HUMAN---TEBP_HUMAN,1,1,1,1,1,1,1,1,1,0,1,1,1,1,1,0,1,1,1,1,1,1,1,1,1,1,1,1,1,0,1,1,1,1,1,1,1,0,1,1,0,1,1,1,1,1,1,1,1,1
BBX_HUMAN---HS90B_HUMAN,1,1,1,1,1,1,1,1,1,0,1,1,1,1,0,0,1,1,0,1,1,0,1,0,1,1,1,1,1,0,1,1,1,0,1,1,1,0,1,1,0,1,1,1,1,1,1,1,1,1
DYRK4_HUMAN---HS90B_HUMAN,1,1,1,1,1,1,1,1,1,0,1,1,1,1,1,0,1,1,1,1,1,1,1,1,1,1,1,1,1,0,1,1,1,1,1,1,1,0,1,1,0,1,1,1,1,1,1,1,1,1
HS90A_HUMAN---HS90B_HUMAN,1,1,1,1,1,1,1,1,1,0,1,1,1,1,1,0,1,1,1,1,1,1,1,1,1,1,1,1,1,0,1,1,1,1,1,1,1,0,1,1,0,1,1,1,1,1,1,1,1,1
HTSF1_HUMAN---SRSF4_HUMAN,1,1,1,0,1,1,1,1,0,0,0,1,1,1,1,0,1,1,1,1,1,1,1,1,1,0,0,1,1,0,0,1,1,1,1,1,0,0,1,0,0,1,0,1,1,1,1,1,1,0
HUWE1_HUMAN---P53_HUMAN,1,1,1,1,1,1,1,1,1,0,1,1,1,1,1,0,1,1,1,1,1,1,1,1,1,1,1,1,1,0,1,1,1,1,1,1,1,0,1,1,0,1,1,1,1,1,1,1,1,1
I2BP2_HUMAN---IRF2_HUMAN,1,1,1,1,1,1,1,1,1,0,1,1,1,1,1,0,1,1,1,1,1,1,1,1,1,1,1,1,1,0,1,1,1,1,1,1,1,0,1,1,0,1,1,1,1,1,1,1,1,1
BAG6_HUMAN---ICK_HUMAN,1,1,1,1,1,1,1,1,1,0,1,1,1,1,0,0,1,1,0,1,1,0,1,0,1,1,1,1,1,0,1,1,1,0,1,1,1,0,1,1,0,1,1,1,1,1,1,1,1,1
ICLN_HUMAN---MEP50_HUMAN,1,1,1,1,1,1,1,1,1,0,1,1,1,1,1,0,1,1,1,1,1,1,1,1,1,1,1,1,1,0,1,1,1,1,1,1,1,0,1,1,0,1,1,1,1,1,1,1,1,1
ICLN_HUMAN---PDIA6_HUMAN,1,1,1,1,1,1,1,1,1,0,1,1,1,1,1,0,1,1,1,1,1,1,1,1,1,1,1,1,1,0,1,1,1,1,1,1,1,0,1,1,0,1,1,1,1,1,1,1,1,1
ICLN_HUMAN---PDLI1_HUMAN,1,1,1,1,1,1,1,1,1,0,1,1,1,1,1,0,1,1,1,1,1,1,1,1,1,1,1,1,1,0,1,1,1,1,1,1,1,0,1,1,0,1,1,1,1,1,1,1,1,1
HDGF_HUMAN---IF2P_HUMAN,1,1,1,1,1,1,1,1,1,0,1,1,1,1,0,0,1,1,0,1,1,0,1,0,1,1,1,1,1,0,1,1,1,0,1,1,1,0,1,1,0,1,1,1,1,1,1,1,1,1
IF4B_HUMAN---KS6A1_HUMAN,1,1,1,1,1,1,1,1,1,0,1,1,1,1,1,0,1,1,1,1,1,1,1,1,1,1,1,1,1,0,1,1,1,1,1,1,1,0,1,1,0,1,1,1,1,1,1,1,1,1
IF4B_HUMAN---OSBP1_HUMAN,1,0,1,0,1,0,0,0,0,0,0,0,0,0,1,0,0,0,1,0,0,1,1,1,0,0,0,1,0,0,0,0,0,1,0,0,0,0,0,0,0,0,0,0,0,0,0,0,0,0
IMA3_HUMAN---P53_HUMAN,1,1,1,1,1,1,1,1,1,0,1,1,1,1,1,0,1,1,1,1,1,1,1,1,1,1,1,1,1,0,1,1,1,1,1,1,1,0,1,1,0,1,1,1,1,1,1,1,1,1
I2BP1_HUMAN---IRF2_HUMAN,1,1,1,1,1,1,1,1,1,0,1,1,1,1,1,0,1,1,1,1,1,1,1,1,1,1,1,1,1,0,1,1,1,1,1,1,1,0,1,1,0,1,1,1,1,1,1,1,1,1
ITSN1_HUMAN---WASL_HUMAN,1,1,1,1,1,1,1,1,1,0,1,1,1,1,1,0,1,1,1,1,1,1,1,1,1,1,1,1,1,0,1,1,1,1,1,1,1,0,1,1,0,1,1,1,1,1,1,1,1,1
ITSN2_HUMAN---MCRS1_HUMAN,1,1,1,1,1,1,1,1,1,0,1,1,1,1,1,0,1,1,1,1,1,1,1,1,1,1,1,1,1,0,1,1,1,1,1,1,1,0,1,1,0,1,1,1,1,1,1,1,1,1
IWS1_HUMAN---WDR48_HUMAN,1,1,1,1,1,1,1,1,1,0,1,1,1,1,1,0,1,1,1,1,1,1,1,1,1,1,1,1,1,0,1,1,1,1,1,1,1,0,1,1,0,1,1,1,1,1,1,1,1,1
BACH2_HUMAN---JUN_HUMAN,1,1,1,1,1,1,1,1,1,0,1,1,1,1,0,0,1,1,0,1,1,0,1,0,1,1,1,1,1,0,1,1,1,0,1,1,1,0,1,1,0,1,1,1,1,1,1,1,1,1
HDGF_HUMAN---JUN_HUMAN,1,1,1,1,1,1,1,1,1,0,1,1,1,1,1,0,1,1,1,1,1,1,1,1,1,1,1,1,1,0,1,1,1,1,1,1,1,0,1,1,0,1,1,1,1,1,1,1,1,1
IMA1_HUMAN---JUN_HUMAN,1,1,1,1,1,1,1,1,1,0,1,1,1,1,0,0,1,1,0,1,1,0,1,0,1,1,1,1,1,0,1,1,1,0,1,1,1,0,1,1,0,1,1,1,1,1,1,1,1,1
JUN_HUMAN---MK08_HUMAN,1,1,1,1,1,1,1,1,1,0,1,1,1,1,1,0,1,1,1,1,1,1,1,1,1,1,1,1,1,0,1,1,1,1,1,1,1,0,1,1,0,1,1,1,1,1,1,1,1,1
JUN_HUMAN---MK09_HUMAN,1,1,1,1,1,1,1,1,1,0,1,1,1,1,1,0,1,1,1,1,1,1,1,1,1,1,1,1,1,0,1,1,1,1,1,1,1,0,1,1,0,1,1,1,1,1,1,1,1,1
JUN_HUMAN---PRC2A_HUMAN,1,1,1,1,1,1,1,1,1,0,1,1,1,1,0,0,1,1,0,1,1,0,1,0,1,1,1,1,1,0,1,1,1,0,1,1,1,0,1,1,0,1,1,1,1,1,1,1,1,1
JUN_HUMAN---RB_HUMAN,1,1,1,1,1,1,1,1,1,0,1,1,1,1,1,0,1,1,1,1,1,1,1,1,1,1,1,1,1,0,1,1,1,1,1,1,1,0,1,1,0,1,1,1,1,1,1,1,1,1
JUN_HUMAN---SMAD3_HUMAN,1,1,1,1,1,1,1,1,1,0,1,1,1,1,1,0,1,1,1,1,1,1,1,1,1,1,1,1,1,0,1,1,1,1,1,1,1,0,1,1,0,1,1,1,1,1,1,1,1,1
JUN_HUMAN---STRN4_HUMAN,1,1,1,1,1,1,1,1,1,0,1,1,1,1,1,0,1,1,1,1,1,1,1,1,1,1,1,1,1,0,1,1,1,1,1,1,1,0,1,1,0,1,1,1,1,1,1,1,1,1
AKA11_HUMAN---KAP2_HUMAN,1,1,1,1,1,1,1,1,1,0,1,1,1,1,0,0,1,1,0,1,1,0,1,0,1,1,1,1,1,0,1,1,1,0,1,1,1,0,1,1,0,1,1,1,1,1,1,1,1,1
AKA12_HUMAN---KAP2_HUMAN,1,1,1,1,1,1,1,1,1,0,1,1,1,1,1,0,1,1,1,1,1,1,1,1,1,1,1,1,1,0,1,1,1,1,1,1,1,0,1,1,0,1,1,1,1,1,1,1,1,1
AKAP1_HUMAN---KAP2_HUMAN,1,1,1,1,1,1,1,1,1,0,1,1,1,1,1,0,1,1,1,1,1,1,1,1,1,1,1,1,1,0,1,1,1,1,1,1,1,0,1,1,0,1,1,1,1,1,1,1,1,1
AKAP2_HUMAN---KAP2_HUMAN,1,1,1,1,1,1,1,1,1,0,1,1,1,1,1,0,1,1,1,1,1,1,1,1,1,1,1,1,1,0,1,1,1,1,1,1,1,0,1,1,0,1,1,1,1,1,1,1,1,1
HDAC9_HUMAN---KCC1A_HUMAN,1,1,1,1,1,1,1,1,1,0,1,1,1,1,1,0,1,1,1,1,1,1,1,1,1,1,1,1,1,0,1,1,1,1,1,1,1,0,1,1,0,1,1,1,1,1,1,1,1,1
KHDR1_HUMAN---LCK_HUMAN,1,1,1,1,1,1,1,1,1,0,1,1,1,1,1,0,1,1,1,1,1,1,1,1,1,1,1,1,1,0,1,1,1,1,1,1,1,0,1,1,0,1,1,1,1,1,1,1,1,1
KHDR1_HUMAN---PLCG1_HUMAN,1,1,1,1,1,1,1,1,1,0,1,1,1,1,1,0,1,1,1,1,1,1,1,1,1,1,1,1,1,0,1,1,1,1,1,1,1,0,1,1,0,1,1,1,1,1,1,1,1,1
KI67_HUMAN---KIF15_HUMAN,1,1,1,1,1,1,1,1,1,0,1,1,1,1,0,0,1,1,0,1,1,0,1,0,1,1,1,1,1,0,1,1,1,0,1,1,1,0,1,1,0,1,1,1,1,1,1,1,1,1
KIF4A_HUMAN---SUMO2_HUMAN,1,1,1,1,1,1,1,1,1,0,1,1,1,1,1,0,1,1,1,1,1,1,1,1,1,1,1,1,1,0,1,1,1,1,1,1,1,0,1,1,0,1,1,1,1,1,1,1,1,1
IMA1_HUMAN---KLC4_HUMAN,1,1,1,1,1,1,1,1,1,0,1,1,1,1,0,0,1,1,0,1,1,0,1,0,1,1,1,1,1,0,1,1,1,0,1,1,1,0,1,1,0,1,1,1,1,1,1,1,1,1
CTNB1_HUMAN---KMT2D_HUMAN,1,1,1,1,1,1,1,1,1,0,1,1,1,1,0,0,1,1,0,1,1,0,1,0,1,1,1,1,1,0,1,1,1,0,1,1,1,0,1,1,0,1,1,1,1,1,1,1,1,1
KPRA_HUMAN---MK01_HUMAN,1,1,1,1,1,1,1,1,1,0,1,1,1,1,1,0,1,1,1,1,1,1,1,1,1,1,1,1,1,0,1,1,1,1,1,1,1,0,1,1,0,1,1,1,1,1,1,1,1,1
BAD_HUMAN---KS6A1_HUMAN,1,1,1,1,1,1,1,1,1,0,1,1,1,1,0,0,1,1,0,1,1,0,1,0,1,1,1,1,1,0,1,1,1,0,1,1,1,0,1,1,0,1,1,1,1,1,1,1,1,1
KS6A1_HUMAN---MK01_HUMAN,1,1,1,1,1,1,1,1,1,0,1,1,1,1,1,0,1,1,1,1,1,1,1,1,1,1,1,1,1,0,1,1,1,1,1,1,1,0,1,1,0,1,1,1,1,1,1,1,1,1
KS6A1_HUMAN---PDCD4_HUMAN,1,1,1,1,1,1,1,1,1,0,1,1,1,1,0,0,1,1,0,1,1,0,1,0,1,1,1,1,1,0,1,1,1,0,1,1,1,0,1,1,0,1,1,1,1,1,1,1,1,1
KS6A1_HUMAN---RANB3_HUMAN,1,1,1,1,1,1,1,1,1,0,1,1,1,1,0,0,1,1,0,1,1,0,1,0,1,1,1,1,1,0,1,1,1,0,1,1,1,0,1,1,0,1,1,1,1,1,1,1,1,1
KS6A1_HUMAN---YBOX1_HUMAN,1,1,1,1,1,1,1,1,1,0,1,1,1,1,1,0,1,1,1,1,1,1,1,1,1,1,1,1,1,0,1,1,1,1,1,1,1,0,1,1,0,1,1,1,1,1,1,1,1,1
KS6A1_HUMAN---ZN318_HUMAN,1,1,1,1,1,1,1,1,1,0,1,1,1,1,1,0,1,1,1,1,1,1,1,1,1,1,1,1,1,0,1,1,1,1,1,1,1,0,1,1,0,1,1,1,1,1,1,1,1,1
HS90B_HUMAN---KSR1_HUMAN,1,1,1,1,1,1,1,1,1,0,1,1,1,1,0,0,1,1,0,1,1,0,1,0,1,1,1,1,1,0,1,1,1,0,1,1,1,0,1,1,0,1,1,1,1,1,1,1,1,1
LAP2B_HUMAN---RB_HUMAN,1,1,1,1,1,1,1,1,1,0,1,1,1,1,1,0,1,1,1,1,1,1,1,1,1,1,1,1,1,0,1,1,1,1,1,1,1,0,1,1,0,1,1,1,1,1,1,1,1,1
CUL4B_HUMAN---LARP1_HUMAN,1,1,1,0,1,1,1,1,0,0,0,0,1,0,0,0,0,1,0,1,1,0,1,0,1,0,0,1,1,0,0,1,1,0,1,1,0,0,1,0,0,0,0,1,1,1,0,1,1,0
LAS1L_HUMAN---PELP1_HUMAN,1,1,1,1,1,1,1,1,1,0,1,1,1,1,0,0,1,1,0,1,1,0,1,0,1,1,1,1,1,0,1,1,1,0,1,1,1,0,1,1,0,1,1,1,1,1,1,1,1,1
CCD50_HUMAN---LCK_HUMAN,1,1,1,1,1,1,1,1,1,0,1,1,1,1,1,0,1,1,1,1,1,1,1,1,1,1,1,1,1,0,1,1,1,1,1,1,1,0,1,1,0,1,1,1,1,1,1,1,1,1
LHX4_HUMAN---RFC1_HUMAN,1,1,1,1,1,1,1,1,1,0,1,1,1,1,0,0,1,1,0,1,1,0,1,0,1,1,1,1,1,0,1,1,1,0,1,1,1,0,1,1,0,1,1,1,1,1,1,1,1,1
LHX4_HUMAN---RRP36_HUMAN,1,1,1,1,1,1,1,1,1,0,1,1,1,1,0,0,1,1,0,1,1,0,1,0,1,1,1,1,1,0,1,1,1,0,1,1,1,0,1,1,0,1,1,1,1,1,1,1,1,1
LMNB2_HUMAN---SVIL_HUMAN,1,1,1,1,1,1,1,1,1,0,1,1,1,1,0,0,1,1,0,1,1,0,1,0,1,1,1,1,1,0,1,1,1,0,1,1,1,0,1,1,0,1,1,1,1,1,1,1,1,1
AURKB_HUMAN---LMO7_HUMAN,1,1,1,1,1,1,1,1,1,0,1,1,1,1,0,0,1,1,0,1,1,0,1,0,1,1,1,1,1,0,1,1,1,0,1,1,1,0,1,1,0,1,1,1,1,1,1,1,1,1
LRC47_HUMAN---PSA1_HUMAN,1,0,1,0,1,0,0,0,0,0,0,0,0,0,0,0,0,0,0,0,0,0,1,0,0,0,0,1,0,0,0,0,0,0,0,0,0,0,0,0,0,0,0,0,0,0,0,0,0,0
1433G_HUMAN---LSR_HUMAN,1,1,1,1,1,1,1,1,1,0,1,1,1,1,0,0,1,1,0,1,1,0,1,0,1,1,1,1,1,0,1,1,1,0,1,1,1,0,1,1,0,1,1,1,1,1,1,1,1,1
CRKL_HUMAN---M4K5_HUMAN,1,1,1,1,1,1,1,1,1,1,1,1,1,1,1,1,1,1,1,1,1,1,1,1,1,1,1,1,1,1,1,1,1,1,1,1,1,1,1,1,1,1,1,1,1,1,1,1,1,1
MA7D3_HUMAN---TRM7_HUMAN,1,1,1,1,1,1,1,1,1,0,1,1,1,1,0,0,1,1,0,1,1,0,1,0,1,1,1,1,1,0,1,1,1,0,1,1,1,0,1,1,0,1,1,1,1,1,1,1,1,1
EF1A1_HUMAN---MAGD2_HUMAN,1,1,1,1,1,1,1,1,1,0,1,1,1,1,0,0,1,1,0,1,1,0,1,0,1,1,1,1,1,0,1,1,1,0,1,1,1,0,1,1,0,1,1,1,1,1,1,1,1,1
MAGG1_HUMAN---TIF1B_HUMAN,1,1,1,1,1,1,1,1,1,0,1,1,1,1,0,0,1,1,0,1,1,0,1,0,1,1,1,1,1,0,1,1,1,0,1,1,1,0,1,1,0,1,1,1,1,1,1,1,1,1
EF1D_HUMAN---MAP1B_HUMAN,1,1,1,1,1,1,1,1,1,0,1,1,1,1,1,0,1,1,1,1,1,1,1,1,1,1,1,1,1,0,1,1,1,1,1,1,1,0,1,1,0,1,1,1,1,1,1,1,1,1
MARCS_HUMAN---ROCK1_HUMAN,1,1,1,1,1,1,1,1,1,0,1,1,1,1,0,0,1,1,0,1,1,0,1,0,1,1,1,1,1,0,1,1,1,0,1,1,1,0,1,1,0,1,1,1,1,1,1,1,1,1
MARK2_HUMAN---PARD3_HUMAN,1,1,1,1,1,1,1,1,1,0,1,1,1,1,1,0,1,1,1,1,1,1,1,1,1,1,1,1,1,0,1,1,1,1,1,1,1,0,1,1,0,1,1,1,1,1,1,1,1,1
MBB1A_HUMAN---NOP2_HUMAN,1,1,1,1,1,1,1,1,1,0,1,1,1,1,1,0,1,1,1,1,1,1,1,1,1,1,1,1,1,0,1,1,1,1,1,1,1,0,1,1,0,1,1,1,1,1,1,1,1,1
MBB1A_HUMAN---P53_HUMAN,1,1,1,1,1,1,1,1,1,0,1,1,1,1,1,0,1,1,1,1,1,1,1,1,1,1,1,1,1,0,1,1,1,1,1,1,1,0,1,1,0,1,1,1,1,1,1,1,1,1
CDC7_HUMAN---MCM2_HUMAN,1,1,1,1,1,1,1,1,1,0,1,1,1,1,0,0,1,1,0,1,1,0,1,0,1,1,1,1,1,0,1,1,1,0,1,1,1,0,1,1,0,1,1,1,1,1,1,1,1,1
KAT7_HUMAN---MCM2_HUMAN,1,1,1,1,1,1,1,1,1,0,1,1,1,1,0,0,1,1,0,1,1,0,1,0,1,1,1,1,1,0,1,1,1,0,1,1,1,0,1,1,0,1,1,1,1,1,1,1,1,1
MCM2_HUMAN---SSRP1_HUMAN,1,1,1,1,1,1,1,1,1,0,1,1,1,1,0,0,1,1,0,1,1,0,1,0,1,1,1,1,1,0,1,1,1,0,1,1,1,0,1,1,0,1,1,1,1,1,1,1,1,1
DEP1B_HUMAN---MDC1_HUMAN,1,1,1,1,1,1,1,1,1,0,1,1,1,1,1,0,1,1,1,1,1,1,1,1,1,1,1,1,1,0,1,1,1,1,1,1,1,0,1,1,0,1,1,1,1,1,1,1,1,1
MDC1_HUMAN---RAD50_HUMAN,1,1,1,1,1,1,1,1,1,0,1,1,1,1,1,0,1,1,1,1,1,1,1,1,1,1,1,1,1,0,1,1,1,1,1,1,1,0,1,1,0,1,1,1,1,1,1,1,1,1
MDC1_HUMAN---TP53B_HUMAN,1,1,1,1,1,1,1,1,1,0,1,1,1,1,1,0,1,1,1,1,1,1,1,1,1,1,1,1,1,0,1,1,1,1,1,1,1,0,1,1,0,1,1,1,1,1,1,1,1,1
MDM2_HUMAN---P53_HUMAN,1,1,1,1,1,1,1,1,1,0,1,1,1,1,0,0,1,1,0,1,1,0,1,0,1,1,1,1,1,0,1,1,1,0,1,1,1,0,1,1,0,1,1,1,1,1,1,1,1,1
MDN1_HUMAN---TRM7_HUMAN,1,0,1,1,1,1,1,1,1,0,0,1,1,1,0,0,1,1,0,1,1,0,1,0,1,1,1,1,1,0,1,1,1,0,1,1,1,0,1,1,0,1,1,1,1,1,1,1,1,1
MED12_HUMAN---MED13_HUMAN,1,1,1,1,1,1,1,1,1,0,1,1,1,1,0,0,1,1,0,1,1,0,1,0,1,1,1,1,1,0,1,1,1,0,1,1,1,0,1,1,0,1,1,1,1,1,1,1,1,1
MED13_HUMAN---MED1_HUMAN,1,1,1,1,1,1,1,1,1,0,1,1,1,1,0,0,1,1,0,1,1,0,1,0,1,1,1,1,1,0,1,1,1,0,1,1,1,0,1,1,0,1,1,1,1,1,1,1,1,1
MED1_HUMAN---MK01_HUMAN,1,1,1,1,1,1,1,1,1,0,1,1,1,1,1,0,1,1,1,1,1,1,1,1,1,1,1,1,1,0,1,1,1,1,1,1,1,0,1,1,0,1,1,1,1,1,1,1,1,1
MEP50_HUMAN---SF01_HUMAN,1,1,1,1,1,1,1,1,1,0,1,1,1,1,1,0,1,1,1,1,1,1,1,1,1,1,1,1,1,0,1,1,1,1,1,1,1,0,1,1,0,1,1,1,1,1,1,1,1,1
ABI2_HUMAN---MIPT3_HUMAN,1,1,1,1,1,1,1,1,1,0,1,1,1,1,1,0,1,1,1,1,1,1,1,1,1,1,1,1,1,0,1,1,1,1,1,1,1,0,1,1,0,1,1,1,1,1,1,1,1,1
ACTB_HUMAN---MIPT3_HUMAN,1,1,1,1,1,1,1,1,1,0,1,1,1,1,1,0,1,1,1,1,1,1,1,1,1,1,1,1,1,0,1,1,1,1,1,1,1,0,1,1,0,1,1,1,1,1,1,1,1,1
AT1A1_HUMAN---MK01_HUMAN,1,1,1,1,1,1,1,1,1,0,1,1,1,1,1,0,1,1,1,1,1,1,1,1,1,1,1,1,1,0,1,1,1,1,1,1,1,0,1,1,0,1,1,1,1,1,1,1,1,1
ICK_HUMAN---MK01_HUMAN,1,1,1,1,1,1,1,1,1,0,1,1,1,1,1,0,1,1,1,1,1,1,1,1,1,1,1,1,1,0,1,1,1,1,1,1,1,0,1,1,0,1,1,1,1,1,1,1,1,1
MK01_HUMAN---P53_HUMAN,1,1,1,1,1,1,1,1,1,0,1,1,1,1,1,0,1,1,1,1,1,1,1,1,1,1,1,1,1,0,1,1,1,1,1,1,1,0,1,1,0,1,1,1,1,1,1,1,1,1
ABI1_HUMAN---MK03_HUMAN,1,1,1,1,1,1,1,1,1,1,1,1,1,1,1,1,1,1,1,1,1,1,1,1,1,1,1,1,1,1,1,1,1,1,1,1,1,1,1,1,1,1,1,1,1,1,1,1,1,1
CALX_HUMAN---MK03_HUMAN,1,1,1,1,1,1,1,1,1,0,1,1,1,1,1,0,1,1,1,1,1,1,1,1,1,1,1,1,1,0,1,1,1,1,1,1,1,0,1,1,0,1,1,1,1,1,1,1,1,1
MK03_HUMAN---MKL1_HUMAN,1,1,1,1,1,1,1,1,1,0,1,1,1,1,1,0,1,1,1,1,1,1,1,1,1,1,1,1,1,0,1,1,1,1,1,1,1,0,1,1,0,1,1,1,1,1,1,1,1,1
MK03_HUMAN---NUP50_HUMAN,1,1,1,1,1,1,1,1,1,1,1,1,1,1,1,1,1,1,1,1,1,1,1,1,1,1,1,1,1,1,1,1,1,1,1,1,1,1,1,1,1,1,1,1,1,1,1,1,1,1
MK03_HUMAN---SMAD2_HUMAN,1,1,1,1,1,1,1,1,1,0,1,1,1,1,0,0,1,1,0,1,1,0,1,0,1,1,1,1,1,0,1,1,1,0,1,1,1,0,1,1,0,1,1,1,1,1,1,1,1,1
1433Z_HUMAN---MK08_HUMAN,1,1,1,1,1,1,1,1,1,0,1,1,1,1,1,0,1,1,1,1,1,1,1,1,1,1,1,1,1,0,1,1,1,1,1,1,1,0,1,1,0,1,1,1,1,1,1,1,1,1
MK09_HUMAN---MP2K7_HUMAN,1,1,1,1,1,1,1,1,1,0,1,1,1,1,0,0,1,1,0,1,1,0,1,0,1,1,1,1,1,0,1,1,1,0,1,1,1,0,1,1,0,1,1,1,1,1,1,1,1,1
MK09_HUMAN---STAT3_HUMAN,1,1,1,1,1,1,1,1,1,0,1,1,1,1,1,0,1,1,1,1,1,1,1,1,1,1,1,1,1,0,1,1,1,1,1,1,1,0,1,1,0,1,1,1,1,1,1,1,1,1
FUBP1_HUMAN---MK14_HUMAN,1,1,1,1,1,1,1,1,1,0,1,1,1,1,1,0,1,1,1,1,1,1,1,1,1,1,1,1,1,0,1,1,1,1,1,1,1,0,1,1,0,1,1,1,1,1,1,1,1,1
MK14_HUMAN---P53_HUMAN,1,1,1,1,1,1,1,1,1,0,1,1,1,1,1,0,1,1,1,1,1,1,1,1,1,1,1,1,1,0,1,1,1,1,1,1,1,0,1,1,0,1,1,1,1,1,1,1,1,1
MK14_HUMAN---STK39_HUMAN,1,0,1,0,1,0,0,0,0,0,0,0,0,0,1,0,0,0,1,0,0,1,1,1,0,0,0,1,0,0,0,0,0,1,0,0,0,0,0,0,0,0,0,0,0,0,0,0,0,0
MKX_HUMAN---SIN3A_HUMAN,1,1,1,1,1,1,1,1,1,0,1,1,1,1,1,0,1,1,1,1,1,1,1,1,1,1,1,1,1,0,1,1,1,1,1,1,1,0,1,1,0,1,1,1,1,1,1,1,1,1
GGA3_HUMAN---MPRI_HUMAN,1,1,1,1,1,1,1,1,1,0,1,1,1,1,1,0,1,1,1,1,1,1,1,1,1,1,1,1,1,0,1,1,1,1,1,1,1,0,1,1,0,1,1,1,1,1,1,1,1,1
MPZL1_HUMAN---PTN11_HUMAN,1,1,1,1,1,1,1,1,1,0,1,1,1,1,1,0,1,1,1,1,1,1,1,1,1,1,1,1,1,0,1,1,1,1,1,1,1,0,1,1,0,1,1,1,1,1,1,1,1,1
MRE11_HUMAN---RAD50_HUMAN,1,1,1,1,1,1,1,1,1,0,1,1,1,1,1,0,1,1,1,1,1,1,1,1,1,1,1,1,1,0,1,1,1,1,1,1,1,0,1,1,0,1,1,1,1,1,1,1,1,1
41_HUMAN---MYH10_HUMAN,1,1,1,0,1,1,1,1,0,0,0,0,1,0,1,0,0,1,1,1,1,1,1,1,1,0,0,1,1,0,0,1,1,1,1,1,0,0,1,0,0,0,0,1,1,1,0,1,1,0
DAB2_HUMAN---MYO6_HUMAN,1,1,1,1,1,1,1,1,1,0,1,1,1,1,0,0,1,1,0,1,1,0,1,0,1,1,1,1,1,0,1,1,1,0,1,1,1,0,1,1,0,1,1,1,1,1,1,1,1,1
AKA10_HUMAN---NHRF1_HUMAN,1,0,1,0,1,0,0,0,0,0,0,0,0,0,0,0,0,0,0,0,0,0,1,0,0,0,0,1,0,0,0,0,0,0,0,0,0,0,0,0,0,0,0,0,0,0,0,0,0,0
NHRF1_HUMAN---PHAG1_HUMAN,1,1,1,1,1,1,1,1,1,0,1,1,1,1,1,0,1,1,1,1,1,1,1,1,1,1,1,1,1,0,1,1,1,1,1,1,1,0,1,1,0,1,1,1,1,1,1,1,1,1
NHRF1_HUMAN---RHG17_HUMAN,1,1,1,1,1,1,1,1,1,0,1,1,1,1,0,0,1,1,0,1,1,0,1,0,1,1,1,1,1,0,1,1,1,0,1,1,1,0,1,1,0,1,1,1,1,1,1,1,1,1
NHRF1_HUMAN---YAP1_HUMAN,1,1,1,1,1,1,1,1,1,0,1,1,1,1,1,0,1,1,1,1,1,1,1,1,1,1,1,1,1,0,1,1,1,1,1,1,1,0,1,1,0,1,1,1,1,1,1,1,1,1
DREB_HUMAN---NIPBL_HUMAN,1,1,1,1,1,1,1,1,1,0,1,1,1,1,0,0,1,1,0,1,1,0,1,0,1,1,1,1,1,0,1,1,1,0,1,1,1,0,1,1,0,1,1,1,1,1,1,1,1,1
NKAP_HUMAN---PPIG_HUMAN,1,1,1,1,1,1,1,1,1,0,1,1,1,1,1,0,1,1,1,1,1,1,1,1,1,1,1,1,1,0,1,1,1,1,1,1,1,0,1,1,0,1,1,1,1,1,1,1,1,1
NP1L1_HUMAN---OSBP1_HUMAN,1,1,1,1,1,1,1,1,1,0,1,1,1,1,1,0,1,1,1,1,1,1,1,1,1,1,1,1,1,0,1,1,1,1,1,1,1,0,1,1,0,1,1,1,1,1,1,1,1,1
HJURP_HUMAN---NPM_HUMAN,1,1,1,1,1,1,1,1,1,0,1,1,1,1,0,0,1,1,0,1,1,0,1,0,1,1,1,1,1,0,1,1,1,0,1,1,1,0,1,1,0,1,1,1,1,1,1,1,1,1
NPM_HUMAN---P53_HUMAN,1,1,1,1,1,1,1,1,1,0,1,1,1,1,1,0,1,1,1,1,1,1,1,1,1,1,1,1,1,0,1,1,1,1,1,1,1,0,1,1,0,1,1,1,1,1,1,1,1,1
NPM_HUMAN---SENP3_HUMAN,1,1,1,1,1,1,1,1,1,0,1,1,1,1,1,0,1,1,1,1,1,1,1,1,1,1,1,1,1,0,1,1,1,1,1,1,1,0,1,1,0,1,1,1,1,1,1,1,1,1
NSF1C_HUMAN---SRP14_HUMAN,1,1,1,1,1,1,1,1,1,0,1,1,1,1,1,0,1,1,1,1,1,1,1,1,1,1,1,1,1,0,1,1,1,1,1,1,1,0,1,1,0,1,1,1,1,1,1,1,1,1
FUBP1_HUMAN---NSUN2_HUMAN,1,1,1,1,1,1,1,1,1,0,1,1,1,1,0,0,1,1,0,1,1,0,1,0,1,1,1,1,1,0,1,1,1,0,1,1,1,0,1,1,0,1,1,1,1,1,1,1,1,1
LA_HUMAN---NUCL_HUMAN,1,1,1,1,1,1,1,1,1,0,1,1,1,1,1,0,1,1,1,1,1,1,1,1,1,1,1,1,1,0,1,1,1,1,1,1,1,0,1,1,0,1,1,1,1,1,1,1,1,1
NPM_HUMAN---NUCL_HUMAN,1,1,1,1,1,1,1,1,1,1,1,1,1,1,1,1,1,1,1,1,1,1,1,1,1,1,1,1,1,1,1,1,1,1,1,1,1,1,1,1,1,1,1,1,1,1,1,1,1,1
NUCL_HUMAN---NUP62_HUMAN,1,1,1,1,1,1,1,1,1,0,1,1,1,1,1,0,1,1,1,1,1,1,1,1,1,1,1,1,1,0,1,1,1,1,1,1,1,0,1,1,0,1,1,1,1,1,1,1,1,1
AURKB_HUMAN---P53_HUMAN,1,1,1,1,1,1,1,1,1,0,1,1,1,1,0,0,1,1,0,1,1,0,1,0,1,1,1,1,1,0,1,1,1,0,1,1,1,0,1,1,0,1,1,1,1,1,1,1,1,1
CEBPZ_HUMAN---P53_HUMAN,1,1,1,1,1,1,1,1,1,0,1,1,1,1,1,0,1,1,1,1,1,1,1,1,1,1,1,1,1,0,1,1,1,1,1,1,1,0,1,1,0,1,1,1,1,1,1,1,1,1
BAD_HUMAN---PAK1_HUMAN,1,0,1,0,1,0,0,0,0,0,0,0,0,0,0,0,0,0,0,0,0,0,1,0,0,0,0,1,0,0,0,0,0,0,0,0,0,0,0,0,0,0,0,0,0,0,0,0,0,0
1433T_HUMAN---PANK2_HUMAN,1,1,1,1,1,1,1,1,1,0,1,1,1,1,1,0,1,1,1,1,1,1,1,1,1,1,1,1,1,0,1,1,1,1,1,1,1,0,1,1,0,1,1,1,1,1,1,1,1,1
NOVA1_HUMAN---PCBP1_HUMAN,1,1,1,1,1,1,1,1,1,0,1,1,1,1,0,0,1,1,0,1,1,0,1,0,1,1,1,1,1,0,1,1,1,0,1,1,1,0,1,1,0,1,1,1,1,1,1,1,1,1
PCBP1_HUMAN---PPIG_HUMAN,1,1,1,1,1,1,1,1,1,0,1,1,1,1,1,0,1,1,1,1,1,1,1,1,1,1,1,1,1,0,1,1,1,1,1,1,1,0,1,1,0,1,1,1,1,1,1,1,1,1
PCBP1_HUMAN---ZN830_HUMAN,1,1,1,1,1,1,1,1,1,0,1,1,1,1,0,0,1,1,0,1,1,0,1,0,1,1,1,1,1,0,1,1,1,0,1,1,1,0,1,1,0,1,1,1,1,1,1,1,1,1
ABI2_HUMAN---PCM1_HUMAN,1,1,1,1,1,1,1,1,1,0,1,1,1,1,0,0,1,1,0,1,1,0,1,0,1,1,1,1,1,0,1,1,1,0,1,1,1,0,1,1,0,1,1,1,1,1,1,1,1,1
AZI1_HUMAN---PCM1_HUMAN,1,1,1,1,1,1,1,1,1,0,1,1,1,1,0,0,1,1,0,1,1,0,1,0,1,1,1,1,1,0,1,1,1,0,1,1,1,0,1,1,0,1,1,1,1,1,1,1,1,1
PDS5A_HUMAN---SMC3_HUMAN,1,1,1,1,1,1,1,1,1,0,1,1,1,1,1,0,1,1,1,1,1,1,1,1,1,1,1,1,1,0,1,1,1,1,1,1,1,0,1,1,0,1,1,1,1,1,1,1,1,1
PDS5B_HUMAN---SMC3_HUMAN,1,1,1,1,1,1,1,1,1,0,1,1,1,1,1,0,1,1,1,1,1,1,1,1,1,1,1,1,1,0,1,1,1,1,1,1,1,0,1,1,0,1,1,1,1,1,1,1,1,1
MDN1_HUMAN---PELP1_HUMAN,1,1,1,1,1,1,1,1,1,0,1,1,1,1,0,0,1,1,0,1,1,0,1,0,1,1,1,1,1,0,1,1,1,0,1,1,1,0,1,1,0,1,1,1,1,1,1,1,1,1
PELP1_HUMAN---SENP3_HUMAN,1,1,1,1,1,1,1,1,1,0,1,1,1,1,0,0,1,1,0,1,1,0,1,0,1,1,1,1,1,0,1,1,1,0,1,1,1,0,1,1,0,1,1,1,1,1,1,1,1,1
CALX_HUMAN---PGRC1_HUMAN,1,1,1,1,1,1,1,1,1,0,1,1,1,1,1,0,1,1,1,1,1,1,1,1,1,1,1,1,1,0,1,1,1,1,1,1,1,0,1,1,0,1,1,1,1,1,1,1,1,1
CUL4B_HUMAN---PHIP_HUMAN,1,1,1,1,1,1,1,1,1,0,1,1,1,1,0,0,1,1,0,1,1,0,1,0,1,1,1,1,1,0,1,1,1,0,1,1,1,0,1,1,0,1,1,1,1,1,1,1,1,1
PI4KA_HUMAN---STRN4_HUMAN,1,1,1,1,1,1,1,1,1,0,1,1,1,1,1,0,1,1,1,1,1,1,1,1,1,1,1,1,1,0,1,1,1,1,1,1,1,0,1,1,0,1,1,1,1,1,1,1,1,1
P53_HUMAN---PIAS1_HUMAN,1,1,1,1,1,1,1,1,1,0,1,1,1,1,1,0,1,1,1,1,1,1,1,1,1,1,1,1,1,0,1,1,1,1,1,1,1,0,1,1,0,1,1,1,1,1,1,1,1,1
PIAS1_HUMAN---SUMO2_HUMAN,1,1,1,1,1,1,1,1,1,0,1,1,1,1,1,0,1,1,1,1,1,1,1,1,1,1,1,1,1,0,1,1,1,1,1,1,1,0,1,1,0,1,1,1,1,1,1,1,1,1
PININ_HUMAN---SRSF4_HUMAN,1,1,1,1,1,1,1,1,1,0,1,1,1,1,1,0,1,1,1,1,1,1,1,1,1,1,1,1,1,0,1,1,1,1,1,1,1,0,1,1,0,1,1,1,1,1,1,1,1,1
DESP_HUMAN---PKP4_HUMAN,1,1,1,1,1,1,1,1,1,0,1,1,1,1,1,0,1,1,1,1,1,1,1,1,1,1,1,1,1,0,1,1,1,1,1,1,1,0,1,1,0,1,1,1,1,1,1,1,1,1
LAP2_HUMAN---PKP4_HUMAN,1,1,1,1,1,1,1,1,1,0,1,1,1,1,1,0,1,1,1,1,1,1,1,1,1,1,1,1,1,0,1,1,1,1,1,1,1,0,1,1,0,1,1,1,1,1,1,1,1,1
LYRIC_HUMAN---PLEC_HUMAN,1,1,1,1,1,1,1,1,1,0,1,1,1,1,0,0,1,1,0,1,1,0,1,0,1,1,1,1,1,0,1,1,1,0,1,1,1,0,1,1,0,1,1,1,1,1,1,1,1,1
KAPCA_HUMAN---PLSL_HUMAN,1,1,1,1,1,1,1,1,1,0,1,1,1,1,0,0,1,1,0,1,1,0,1,0,1,1,1,1,1,0,1,1,1,0,1,1,1,0,1,1,0,1,1,1,1,1,1,1,1,1
PNKP_HUMAN---SUV91_HUMAN,1,1,1,1,1,1,1,1,1,0,1,1,1,1,1,0,1,1,1,1,1,1,1,1,1,1,1,1,1,0,1,1,1,1,1,1,1,0,1,1,0,1,1,1,1,1,1,1,1,1
MDC1_HUMAN---POGZ_HUMAN,1,1,1,1,1,1,1,1,1,0,1,1,1,1,0,0,1,1,0,1,1,0,1,0,1,1,1,1,1,0,1,1,1,0,1,1,1,0,1,1,0,1,1,1,1,1,1,1,1,1
DLG3_HUMAN---PP1A_HUMAN,1,1,1,1,1,1,1,1,1,0,1,1,1,1,1,0,1,1,1,1,1,1,1,1,1,1,1,1,1,0,1,1,1,1,1,1,1,0,1,1,0,1,1,1,1,1,1,1,1,1
FARP1_HUMAN---PP1A_HUMAN,1,1,1,1,1,1,1,1,1,0,1,1,1,1,0,0,1,1,0,1,1,0,1,0,1,1,1,1,1,0,1,1,1,0,1,1,1,0,1,1,0,1,1,1,1,1,1,1,1,1
PP1A_HUMAN---RB_HUMAN,1,1,1,1,1,1,1,1,1,0,1,1,1,1,1,0,1,1,1,1,1,1,1,1,1,1,1,1,1,0,1,1,1,1,1,1,1,0,1,1,0,1,1,1,1,1,1,1,1,1
PP1A_HUMAN---ZFY16_HUMAN,1,1,1,1,1,1,1,1,1,0,1,1,1,1,1,0,1,1,1,1,1,1,1,1,1,1,1,1,1,0,1,1,1,1,1,1,1,0,1,1,0,1,1,1,1,1,1,1,1,1
DENR_HUMAN---PP1B_HUMAN,1,1,1,1,1,1,1,1,1,0,1,1,1,1,1,0,1,1,1,1,1,1,1,1,1,1,1,1,1,0,1,1,1,1,1,1,1,0,1,1,0,1,1,1,1,1,1,1,1,1
PP1B_HUMAN---TIF1B_HUMAN,1,1,1,1,1,1,1,1,1,0,1,1,1,1,0,0,1,1,0,1,1,0,1,0,1,1,1,1,1,0,1,1,1,0,1,1,1,0,1,1,0,1,1,1,1,1,1,1,1,1
AURKB_HUMAN---PPHLN_HUMAN,1,1,1,1,1,1,1,1,1,0,1,1,1,1,0,0,1,1,0,1,1,0,1,0,1,1,1,1,1,0,1,1,1,0,1,1,1,0,1,1,0,1,1,1,1,1,1,1,1,1
PININ_HUMAN---PPIG_HUMAN,1,1,1,1,1,1,1,1,1,0,1,1,1,1,1,0,1,1,1,1,1,1,1,1,1,1,1,1,1,0,1,1,1,1,1,1,1,0,1,1,0,1,1,1,1,1,1,1,1,1
FYN_HUMAN---PPR3D_HUMAN,1,1,1,1,1,1,1,1,1,0,1,1,1,1,1,0,1,1,1,1,1,1,1,1,1,1,1,1,1,0,1,1,1,1,1,1,1,0,1,1,0,1,1,1,1,1,1,1,1,1
MDM2_HUMAN---PRC2C_HUMAN,1,1,1,1,1,1,1,1,1,0,1,1,1,1,0,0,1,1,0,1,1,0,1,0,1,1,1,1,1,0,1,1,1,0,1,1,1,0,1,1,0,1,1,1,1,1,1,1,1,1
PININ_HUMAN---PRP4B_HUMAN,1,1,1,1,1,1,1,1,1,0,1,1,1,1,1,0,1,1,1,1,1,1,1,1,1,1,1,1,1,0,1,1,1,1,1,1,1,0,1,1,0,1,1,1,1,1,1,1,1,1
CHIP_HUMAN---PSA3_HUMAN,1,1,1,1,1,1,1,1,1,0,1,1,1,1,0,0,1,1,0,1,1,0,1,0,1,1,1,1,1,0,1,1,1,0,1,1,1,0,1,1,0,1,1,1,1,1,1,1,1,1
PSA1_HUMAN---PSA3_HUMAN,1,0,1,0,1,0,0,0,0,0,0,0,0,0,0,0,0,0,0,0,0,0,1,0,0,0,0,1,0,0,0,0,0,0,0,0,0,0,0,0,0,0,0,0,0,0,0,0,0,0
CDC7_HUMAN---PSIP1_HUMAN,1,1,1,1,1,1,1,1,1,0,1,1,1,1,0,0,1,1,0,1,1,0,1,0,1,1,1,1,1,0,1,1,1,0,1,1,1,0,1,1,0,1,1,1,1,1,1,1,1,1
PSA3_HUMAN---PSMD1_HUMAN,1,1,1,1,1,1,1,1,1,0,1,1,1,1,0,0,1,1,0,1,1,0,1,0,1,1,1,1,1,0,1,1,1,0,1,1,1,0,1,1,0,1,1,1,1,1,1,1,1,1
P53_HUMAN---PSME3_HUMAN,1,1,1,1,1,1,1,1,1,0,1,1,1,1,1,0,1,1,1,1,1,1,1,1,1,1,1,1,1,0,1,1,1,1,1,1,1,0,1,1,0,1,1,1,1,1,1,1,1,1
Q6FIE9_HUMAN---TM1L1_HUMAN,1,1,1,1,1,1,1,1,1,0,1,1,1,1,1,0,1,1,1,1,1,1,1,1,1,1,1,1,1,0,1,1,1,1,1,1,1,0,1,1,0,1,1,1,1,1,1,1,1,1
RBM34_HUMAN---WDHD1_HUMAN,1,1,1,1,1,1,1,1,1,0,1,1,1,1,1,0,1,1,1,1,1,1,1,1,1,1,1,1,1,0,1,1,1,1,1,1,1,0,1,1,0,1,1,1,1,1,1,1,1,1
MEP50_HUMAN---RBM5_HUMAN,1,1,1,1,1,1,1,1,1,0,1,1,1,1,0,0,1,1,0,1,1,0,1,0,1,1,1,1,1,0,1,1,1,0,1,1,1,0,1,1,0,1,1,1,1,1,1,1,1,1
CDK2_HUMAN---RB_HUMAN,1,1,1,1,1,1,1,1,1,0,1,1,1,1,1,0,1,1,1,1,1,1,1,1,1,1,1,1,1,0,1,1,1,1,1,1,1,0,1,1,0,1,1,1,1,1,1,1,1,1
HDAC1_HUMAN---RB_HUMAN,1,1,1,1,1,1,1,1,1,0,1,1,1,1,1,0,1,1,1,1,1,1,1,1,1,1,1,1,1,0,1,1,1,1,1,1,1,0,1,1,0,1,1,1,1,1,1,1,1,1
REC8_HUMAN---SMC3_HUMAN,1,1,1,1,1,1,1,1,1,0,1,1,1,1,0,0,1,1,1,1,1,0,1,0,1,1,1,1,1,0,1,1,1,0,1,1,1,0,1,1,0,1,1,1,1,1,1,1,1,1
RECQ4_HUMAN---TE2IP_HUMAN,1,1,1,1,1,1,1,1,1,0,1,1,1,1,0,0,1,1,0,1,1,0,1,0,1,1,1,1,1,0,1,1,1,0,1,1,1,0,1,1,0,1,1,1,1,1,1,1,1,1
RGPA1_HUMAN---TFE2_HUMAN,1,1,1,1,1,1,1,1,1,0,1,1,1,1,0,0,1,1,0,1,1,0,1,0,1,1,1,1,1,0,1,1,1,0,1,1,1,0,1,1,0,1,1,1,1,1,1,1,1,1
CUL4B_HUMAN---RL15_HUMAN,1,1,1,1,1,1,1,1,1,0,1,1,1,1,0,0,1,1,0,1,1,0,1,0,1,1,1,1,1,0,1,1,1,0,1,1,1,0,1,1,0,1,1,1,1,1,1,1,1,1
HDGF_HUMAN---RL1D1_HUMAN,1,1,1,1,1,1,1,1,1,0,1,1,1,1,1,0,1,1,1,1,1,1,1,1,1,1,1,1,1,0,1,1,1,1,1,1,1,0,1,1,0,1,1,1,1,1,1,1,1,1
HDGF_HUMAN---RL35A_HUMAN,1,1,1,1,1,1,1,1,1,0,1,1,1,1,0,0,1,1,0,1,1,0,1,0,1,1,1,1,1,0,1,1,1,0,1,1,1,0,1,1,0,1,1,1,1,1,1,1,1,1
CPSF5_HUMAN---RLA1_HUMAN,1,1,1,1,1,1,1,1,1,0,1,1,1,1,1,0,1,1,1,1,1,1,1,1,1,1,1,1,1,0,1,1,1,1,1,1,1,0,1,1,0,1,1,1,1,1,1,1,1,1
RLA1_HUMAN---SMAP_HUMAN,1,1,1,1,1,1,1,1,1,0,1,1,1,1,0,0,1,1,0,1,1,0,1,0,1,1,1,1,1,0,1,1,1,0,1,1,1,0,1,1,0,1,1,1,1,1,1,1,1,1
EGFR_HUMAN---RN213_HUMAN,1,1,1,1,1,1,1,1,1,0,1,1,1,1,1,0,1,1,1,1,1,1,1,1,1,1,1,1,1,0,1,1,1,1,1,1,1,0,1,1,0,1,1,1,1,1,1,1,1,1
MCRS1_HUMAN---RN213_HUMAN,1,1,1,1,1,1,1,1,1,0,1,1,1,1,1,0,1,1,1,1,1,1,1,1,1,1,1,1,1,0,1,1,1,1,1,1,1,0,1,1,0,1,1,1,1,1,1,1,1,1
HDAC2_HUMAN---RREB1_HUMAN,1,1,1,1,1,1,1,1,1,0,1,1,1,1,1,0,1,1,1,1,1,1,1,1,1,1,1,1,1,0,1,1,1,1,1,1,1,0,1,1,0,1,1,1,1,1,1,1,1,1
HGS_HUMAN---SCAM3_HUMAN,1,1,1,1,1,1,1,1,1,0,1,1,1,1,1,0,1,1,1,1,1,1,1,1,1,1,1,1,1,0,1,1,1,1,1,1,1,0,1,1,0,1,1,1,1,1,1,1,1,1
SCFD1_HUMAN---VINC_HUMAN,1,0,1,0,1,0,0,0,0,0,0,0,0,0,1,0,0,0,1,0,0,1,1,1,0,0,0,1,0,0,0,0,0,1,0,0,0,0,0,0,0,0,0,0,0,0,0,0,0,0
SCRIB_HUMAN---ZO2_HUMAN,1,1,1,1,1,1,1,1,1,0,1,1,1,1,1,0,1,1,1,1,1,1,1,1,1,1,1,1,1,0,1,1,1,1,1,1,1,0,1,1,0,1,1,1,1,1,1,1,1,1
MEPCE_HUMAN---SDE2_HUMAN,1,1,1,1,1,1,1,1,1,0,1,1,1,1,0,0,1,1,0,1,1,0,1,0,1,1,1,1,1,0,1,1,1,0,1,1,1,0,1,1,0,1,1,1,1,1,1,1,1,1
SF3A1_HUMAN---SF3A3_HUMAN,1,1,1,1,1,1,1,1,1,0,1,1,1,1,0,0,1,1,0,1,1,0,1,0,1,1,1,1,1,0,1,1,1,0,1,1,1,0,1,1,0,1,1,1,1,1,1,1,1,1
HS90B_HUMAN---SG223_HUMAN,1,1,1,1,1,1,1,1,1,0,1,1,1,1,1,0,1,1,1,1,1,1,1,1,1,1,1,1,1,0,1,1,1,1,1,1,1,0,1,1,0,1,1,1,1,1,1,1,1,1
DBNL_HUMAN---SH24A_HUMAN,1,1,1,1,1,1,1,1,1,0,1,1,1,1,0,0,1,1,0,1,1,0,1,0,1,1,1,1,1,0,1,1,1,0,1,1,1,0,1,1,0,1,1,1,1,1,1,1,1,1
IGF1R_HUMAN---SHC1_HUMAN,1,1,1,1,1,1,1,1,1,1,1,1,1,1,1,1,1,1,1,1,1,1,1,1,1,1,1,1,1,1,1,1,1,1,1,1,1,1,1,1,1,1,1,1,1,1,1,1,1,1
HDAC1_HUMAN---SIN3A_HUMAN,1,1,1,1,1,1,1,1,1,0,1,1,1,1,1,0,1,1,1,1,1,1,1,1,1,1,1,1,1,0,1,1,1,1,1,1,1,0,1,1,0,1,1,1,1,1,1,1,1,1
DDX3Y_HUMAN---SMAD2_HUMAN,1,1,0,0,1,0,1,0,1,0,0,1,1,1,0,0,0,1,0,0,1,0,1,0,1,1,0,0,1,0,0,0,1,0,0,1,1,0,1,1,0,0,1,0,1,0,1,1,0,1
SMAP_HUMAN---TRA2A_HUMAN,1,1,1,1,1,1,1,1,1,0,1,1,1,1,0,0,1,1,0,1,1,0,1,0,1,1,1,1,1,0,1,1,1,0,1,1,1,0,1,1,0,1,1,1,1,1,1,1,1,1
MCMBP_HUMAN---SMC3_HUMAN,1,1,1,1,1,1,1,1,1,0,1,1,1,1,1,0,1,1,1,1,1,1,1,1,1,1,1,1,1,0,1,1,1,1,1,1,1,0,1,1,0,1,1,1,1,1,1,1,1,1
CHD4_HUMAN---SMCA4_HUMAN,1,1,1,1,1,1,1,1,1,0,1,1,1,1,1,0,1,1,1,1,1,1,1,1,1,1,1,1,1,0,1,1,1,1,1,1,1,0,1,1,0,1,1,1,1,1,1,1,1,1
HNRPU_HUMAN---SMN_HUMAN,1,1,1,1,1,1,1,1,1,0,1,1,1,1,0,0,1,1,0,1,1,0,1,0,1,1,1,1,1,0,1,1,1,0,1,1,1,0,1,1,0,1,1,1,1,1,1,1,1,1
SMN_HUMAN---WAP53_HUMAN,1,1,1,1,1,1,1,1,1,0,1,1,1,1,0,0,1,1,0,1,1,0,1,0,1,1,1,1,1,0,1,1,1,0,1,1,1,0,1,1,0,1,1,1,1,1,1,1,1,1
SMRCD_HUMAN---TIF1B_HUMAN,1,1,1,1,1,1,1,1,1,0,1,1,1,1,0,0,1,1,0,1,1,0,1,0,1,1,1,1,1,0,1,1,1,0,1,1,1,0,1,1,0,1,1,1,1,1,1,1,1,1
SMRCD_HUMAN---WIZ_HUMAN,1,1,1,1,1,1,1,1,1,0,1,1,1,1,1,0,1,1,1,1,1,1,1,1,1,1,1,1,1,0,1,1,1,1,1,1,1,0,1,1,0,1,1,1,1,1,1,1,1,1
NOP2_HUMAN---SPB1_HUMAN,1,1,1,1,1,1,1,1,1,0,1,1,1,1,1,0,1,1,1,1,1,1,1,1,1,1,1,1,1,0,1,1,1,1,1,1,1,0,1,1,0,1,1,1,1,1,1,1,1,1
PALLD_HUMAN---SPN90_HUMAN,1,1,1,1,1,1,1,1,1,0,1,1,1,1,0,0,1,1,0,1,1,0,1,0,1,1,1,1,1,0,1,1,1,0,1,1,1,0,1,1,0,1,1,1,1,1,1,1,1,1
HDGF_HUMAN---SRP72_HUMAN,1,1,1,1,1,1,1,1,1,0,1,1,1,1,0,0,1,1,0,1,1,0,1,0,1,1,1,1,1,0,1,1,1,0,1,1,1,0,1,1,0,1,1,1,1,1,1,1,1,1
KI21A_HUMAN---SRP72_HUMAN,1,1,1,1,1,1,1,1,1,0,1,1,1,1,0,0,1,1,0,1,1,0,1,0,1,1,1,1,1,0,1,1,1,0,1,1,1,0,1,1,0,1,1,1,1,1,1,1,1,1
MEPCE_HUMAN---SRP72_HUMAN,1,1,1,1,1,1,1,1,1,0,1,1,1,1,0,0,1,1,0,1,1,0,1,0,1,1,1,1,1,0,1,1,1,0,1,1,1,0,1,1,0,1,1,1,1,1,1,1,1,1
ACINU_HUMAN---SRPK2_HUMAN,1,1,1,1,1,1,1,1,1,0,1,1,1,1,1,0,1,1,1,1,1,1,1,1,1,1,1,1,1,0,1,1,1,1,1,1,1,1,1,1,0,1,1,1,1,1,1,1,1,1
HIRP3_HUMAN---SRPK2_HUMAN,1,1,1,1,1,1,1,1,1,0,1,1,1,1,1,0,1,1,1,1,1,1,1,1,1,1,1,1,1,0,1,1,1,1,1,1,1,0,1,1,0,1,1,1,1,1,1,1,1,1
HNRPC_HUMAN---SRPK2_HUMAN,1,1,1,1,1,1,1,1,1,0,1,1,1,1,1,0,1,1,1,1,1,1,1,1,1,1,1,1,1,0,1,1,1,1,1,1,1,0,1,1,0,1,1,1,1,1,1,1,1,1
MMTA2_HUMAN---SRPK2_HUMAN,1,1,1,1,1,1,1,1,1,0,1,1,1,1,0,0,1,1,0,1,1,0,1,0,1,1,1,1,1,0,1,1,1,0,1,1,1,0,1,1,0,1,1,1,1,1,1,1,1,1
NELFE_HUMAN---SRPK2_HUMAN,1,1,1,1,1,1,1,1,1,0,1,1,1,1,1,0,1,1,1,1,1,1,1,1,1,1,1,1,1,0,1,1,1,1,1,1,1,0,1,1,0,1,1,1,1,1,1,1,1,1
PR38A_HUMAN---SRPK2_HUMAN,1,1,1,1,1,1,1,1,1,0,1,1,1,1,0,0,1,1,0,1,1,0,1,0,1,1,1,1,1,0,1,1,1,0,1,1,1,0,1,1,0,1,1,1,1,1,1,1,1,1
RBM15_HUMAN---SRPK2_HUMAN,1,1,1,1,1,1,1,1,1,0,1,1,1,1,0,0,1,1,0,1,1,0,1,0,1,1,1,1,1,0,1,1,1,0,1,1,1,0,1,1,0,1,1,1,1,1,1,1,1,1
RU17_HUMAN---SRPK2_HUMAN,1,1,1,1,1,1,1,1,1,0,1,1,1,1,1,0,1,1,1,1,1,1,1,1,1,1,1,1,1,0,1,1,1,1,1,1,1,0,1,1,0,1,1,1,1,1,1,1,1,1
CDK12_HUMAN---SRRM2_HUMAN,1,1,1,1,1,1,1,1,1,0,1,1,1,1,0,0,1,1,0,1,1,0,1,0,1,1,1,1,1,0,1,1,1,0,1,1,1,0,1,1,0,1,1,1,1,1,1,1,1,1
PININ_HUMAN---SRRM2_HUMAN,1,1,1,1,1,1,1,1,1,0,1,1,1,1,1,0,1,1,1,1,1,1,1,1,1,1,1,1,1,0,1,1,1,1,1,1,1,0,1,1,0,1,1,1,1,1,1,1,1,1
PLEC_HUMAN---SRRM2_HUMAN,1,1,1,1,1,1,1,1,1,0,1,1,1,1,0,0,1,1,0,1,1,0,1,0,1,1,1,1,1,0,1,1,1,0,1,1,1,0,1,1,0,1,1,1,1,1,1,1,1,1
RBM8A_HUMAN---SRRM2_HUMAN,1,1,1,1,1,1,1,1,1,0,1,1,1,1,1,0,1,1,1,1,1,1,1,1,1,1,1,1,1,0,1,1,1,1,1,1,1,0,1,1,0,1,1,1,1,1,1,1,1,1
SRRM1_HUMAN---SRRM2_HUMAN,1,1,1,1,1,1,1,1,1,0,1,1,1,1,1,0,1,1,1,1,1,1,1,1,1,1,1,1,1,0,1,1,1,1,1,1,1,0,1,1,0,1,1,1,1,1,1,1,1,1
SON_HUMAN---SRS11_HUMAN,1,0,1,0,1,0,0,0,0,0,0,0,0,0,0,0,0,0,0,0,0,0,1,0,0,0,0,1,0,0,0,0,0,0,0,0,0,0,0,0,0,0,0,0,0,0,0,0,0,0
SRSF4_HUMAN---SRSF6_HUMAN,1,1,1,1,1,1,1,1,1,0,1,1,1,1,1,0,1,1,1,1,1,1,1,1,1,1,1,1,1,0,1,1,1,1,1,1,1,0,1,1,0,1,1,1,1,1,1,1,1,1
CRKL_HUMAN---STA5A_HUMAN,1,1,1,1,1,1,1,1,1,1,1,1,1,1,1,1,1,1,1,1,1,1,1,1,1,1,1,1,1,1,1,1,1,1,1,1,1,1,1,1,1,1,1,1,1,1,1,1,1,1
HGS_HUMAN---STAM2_HUMAN,1,1,1,1,1,1,1,1,1,1,1,1,1,1,1,1,1,1,1,1,1,1,1,1,1,1,1,1,1,1,1,1,1,1,1,1,1,1,1,1,1,1,1,1,1,1,1,1,1,1
SF3A3_HUMAN---STAM2_HUMAN,1,1,1,1,1,1,1,1,1,0,1,1,1,1,0,0,1,1,0,1,1,0,1,0,1,1,1,1,1,0,1,1,1,0,1,1,1,0,1,1,0,1,1,1,1,1,1,1,1,1
HS90A_HUMAN---STIP1_HUMAN,1,1,1,1,1,1,1,1,1,0,1,1,1,1,1,0,1,1,1,1,1,1,1,1,1,1,1,1,1,0,1,1,1,1,1,1,1,0,1,1,0,1,1,1,1,1,1,1,1,1
STK39_HUMAN---WNK1_HUMAN,1,1,1,1,1,1,1,1,1,0,1,1,1,1,1,0,1,1,1,1,1,1,1,1,1,1,1,1,1,0,1,1,1,1,1,1,1,0,1,1,0,1,1,1,1,1,1,1,1,1
ELF2_HUMAN---SUMO2_HUMAN,1,1,1,1,1,1,1,1,1,0,1,1,1,1,1,0,1,1,1,1,1,1,1,1,1,1,1,1,1,0,1,1,1,1,1,1,1,0,1,1,0,1,1,1,1,1,1,1,1,1
I2BP1_HUMAN---SUMO2_HUMAN,1,1,1,1,1,1,1,1,1,0,1,1,1,1,1,0,1,1,1,1,1,1,1,1,1,1,1,1,1,0,1,1,1,1,1,1,1,0,1,1,0,1,1,1,1,1,1,1,1,1
SUMO2_HUMAN---Z280C_HUMAN,1,1,1,1,1,1,1,1,1,0,1,1,1,1,1,0,1,1,1,1,1,1,1,1,1,1,1,1,1,0,1,1,1,1,1,1,1,0,1,1,0,1,1,1,1,1,1,1,1,1
SUMO2_HUMAN---ZKSC1_HUMAN,1,1,1,1,1,1,1,1,1,0,1,1,1,1,1,0,1,1,1,1,1,1,1,1,1,1,1,1,1,0,1,1,1,1,1,1,1,0,1,1,0,1,1,1,1,1,1,1,1,1
KIF4A_HUMAN---SVIL_HUMAN,1,0,1,0,1,0,0,0,0,0,0,0,0,0,1,0,0,0,1,0,0,1,1,1,0,0,0,1,0,0,0,0,0,1,0,0,0,0,0,0,0,0,0,0,0,0,0,0,0,0
ABLM1_HUMAN---T22D4_HUMAN,1,1,1,1,1,1,1,1,1,0,1,1,1,1,1,0,1,1,1,1,1,1,1,1,1,1,1,1,1,0,1,1,1,1,1,1,1,0,1,1,0,1,1,1,1,1,1,1,1,1
CCNK_HUMAN---T22D4_HUMAN,1,1,1,1,1,1,1,1,1,0,1,1,1,1,1,0,1,1,1,1,1,1,1,1,1,1,1,1,1,0,1,1,1,1,1,1,1,0,1,1,0,1,1,1,1,1,1,1,1,1
NRBP_HUMAN---T22D4_HUMAN,1,1,1,1,1,1,1,1,1,0,1,1,1,1,1,0,1,1,1,1,1,1,1,1,1,1,1,1,1,0,1,1,1,1,1,1,1,0,1,1,0,1,1,1,1,1,1,1,1,1
PCBP1_HUMAN---T22D4_HUMAN,1,1,1,1,1,1,1,1,1,0,1,1,1,1,1,0,1,1,1,1,1,1,1,1,1,1,1,1,1,0,1,1,1,1,1,1,1,0,1,1,0,1,1,1,1,1,1,1,1,1
JUN_HUMAN---T2FA_HUMAN,1,1,1,1,1,1,1,1,1,0,1,1,1,1,0,0,1,1,0,1,1,0,1,0,1,1,1,1,1,0,1,1,1,0,1,1,1,0,1,1,0,1,1,1,1,1,1,1,1,1
MARK2_HUMAN---TAOK1_HUMAN,1,1,1,1,1,1,1,1,1,0,1,1,1,1,1,0,1,1,1,1,1,1,1,1,1,1,1,1,1,0,1,1,1,1,1,1,1,0,1,1,0,1,1,1,1,1,1,1,1,1
CDK2_HUMAN---TB182_HUMAN,1,1,1,1,1,1,1,1,1,0,1,1,1,1,0,0,1,1,0,1,1,0,1,0,1,1,1,1,1,0,1,1,1,0,1,1,1,0,1,1,0,1,1,1,1,1,1,1,1,1
HS90A_HUMAN---TBA1A_HUMAN,1,1,1,1,1,1,1,1,1,0,1,1,1,1,1,0,1,1,1,1,1,1,1,1,1,1,1,1,1,0,1,1,1,1,1,1,1,0,1,1,0,1,1,1,1,1,1,1,1,1
PAK1_HUMAN---TBCB_HUMAN,1,0,1,0,1,0,0,0,0,0,0,0,0,0,1,0,0,0,1,0,0,1,1,1,0,0,0,1,0,0,0,0,0,1,0,0,0,0,0,0,0,0,0,0,0,0,0,0,0,0
TCP4_HUMAN---TF3C1_HUMAN,1,1,1,1,1,1,1,1,1,0,1,1,1,1,1,0,1,1,1,1,1,1,1,1,1,1,1,1,1,0,1,1,1,1,1,1,1,0,1,1,0,1,1,1,1,1,1,1,1,1
RAD50_HUMAN---TE2IP_HUMAN,1,1,1,1,1,1,1,1,1,0,1,1,1,1,0,0,1,1,0,1,1,0,1,0,1,1,1,1,1,0,1,1,1,0,1,1,1,0,1,1,0,1,1,1,1,1,1,1,1,1
TE2IP_HUMAN---TOIP1_HUMAN,1,1,1,1,1,1,1,1,1,0,1,1,1,1,0,0,1,1,0,1,1,0,1,0,1,1,1,1,1,0,1,1,1,0,1,1,1,0,1,1,0,1,1,1,1,1,1,1,1,1
CRKL_HUMAN---TENC1_HUMAN,1,1,1,1,1,1,1,1,1,0,1,1,1,1,1,0,1,1,1,1,1,1,1,1,1,1,1,1,1,0,1,1,1,1,1,1,1,0,1,1,0,1,1,1,1,1,1,1,1,1
E9PAU2_HUMAN---TERF2_HUMAN,1,1,1,1,1,1,1,1,1,0,1,1,1,1,0,0,1,1,0,1,1,0,1,0,1,1,1,1,1,0,1,1,1,0,1,1,1,0,1,1,0,1,1,1,1,1,1,1,1,1
TE2IP_HUMAN---TERF2_HUMAN,1,1,1,1,1,1,1,1,1,0,1,1,1,1,0,0,1,1,0,1,1,0,1,0,1,1,1,1,1,0,1,1,1,0,1,1,1,0,1,1,0,1,1,1,1,1,1,1,1,1
PR38A_HUMAN---TF3C1_HUMAN,1,1,1,1,1,1,1,1,1,0,1,1,1,1,0,0,1,1,0,1,1,0,1,0,1,1,1,1,1,0,1,1,1,0,1,1,1,0,1,1,0,1,1,1,1,1,1,1,1,1
RB_HUMAN---TF3C1_HUMAN,1,1,1,1,1,1,1,1,1,0,1,1,1,1,1,0,1,1,1,1,1,1,1,1,1,1,1,1,1,0,1,1,1,1,1,1,1,0,1,1,0,1,1,1,1,1,1,1,1,1
TF3C1_HUMAN---TF3C4_HUMAN,1,1,1,1,1,1,1,1,1,0,1,1,1,1,0,0,1,1,0,1,1,0,1,0,1,1,1,1,1,0,1,1,1,0,1,1,1,0,1,1,0,1,1,1,1,1,1,1,1,1
MK01_HUMAN---TFE2_HUMAN,1,1,1,1,1,1,1,1,1,0,1,1,1,1,0,0,1,1,0,1,1,0,1,0,1,1,1,1,1,0,1,1,1,0,1,1,1,0,1,1,0,1,1,1,1,1,1,1,1,1
SUMO2_HUMAN---TFP11_HUMAN,1,1,1,1,1,1,1,1,1,0,1,1,1,1,1,0,1,1,1,1,1,1,1,1,1,1,1,1,1,0,1,1,1,1,1,1,1,0,1,1,0,1,1,1,1,1,1,1,1,1
ARP8_HUMAN---TFPT_HUMAN,1,1,1,1,1,1,1,1,1,0,1,1,1,1,0,0,1,1,0,1,1,0,1,0,1,1,1,1,1,0,1,1,1,0,1,1,1,0,1,1,0,1,1,1,1,1,1,1,1,1
CBX1_HUMAN---TIF1B_HUMAN,1,1,1,1,1,1,1,1,1,0,1,1,1,1,0,0,1,1,0,1,1,0,1,0,1,1,1,1,1,0,1,1,1,0,1,1,1,0,1,1,0,1,1,1,1,1,1,1,1,1
P53_HUMAN---TIF1B_HUMAN,1,1,1,1,1,1,1,1,1,0,1,1,1,1,0,0,1,1,0,1,1,0,1,0,1,1,1,1,1,0,1,1,1,0,1,1,1,0,1,1,0,1,1,1,1,1,1,1,1,1
Q6FIE9_HUMAN---TM1L2_HUMAN,1,1,1,1,1,1,1,1,1,0,1,1,1,1,1,0,1,1,1,1,1,1,1,1,1,1,1,1,1,0,1,1,1,1,1,1,1,0,1,1,0,1,1,1,1,1,1,1,1,1
ANXA2_HUMAN---TNIK_HUMAN,1,1,1,1,1,1,1,1,1,0,1,1,1,1,1,0,1,1,1,1,1,1,1,1,1,1,1,1,1,0,1,1,1,1,1,1,1,0,1,1,0,1,1,1,1,1,1,1,1,1
CTNB1_HUMAN---TNIK_HUMAN,1,1,1,1,1,1,1,1,1,0,1,1,1,1,1,0,1,1,1,1,1,1,1,1,1,1,1,1,1,0,1,1,1,1,1,1,1,0,1,1,0,1,1,1,1,1,1,1,1,1
TNIK_HUMAN---TRAF2_HUMAN,1,1,1,1,1,1,1,1,1,0,1,1,1,1,1,0,1,1,1,1,1,1,1,1,1,1,1,1,1,0,1,1,1,1,1,1,1,0,1,1,0,1,1,1,1,1,1,1,1,1
HDAC1_HUMAN---TOP2B_HUMAN,1,1,1,1,1,1,1,1,1,0,1,1,1,1,1,0,1,1,1,1,1,1,1,1,1,1,1,1,1,0,1,1,1,1,1,1,1,0,1,1,0,1,1,1,1,1,1,1,1,1
B2R4R0_HUMAN---TP53B_HUMAN,1,1,1,1,1,1,1,1,1,0,1,1,1,1,0,0,1,1,0,1,1,0,1,0,1,1,1,1,1,0,1,1,1,0,1,1,1,0,1,1,0,1,1,1,1,1,1,1,1,1
P53_HUMAN---TP53B_HUMAN,1,1,1,1,1,1,1,1,1,0,1,1,1,1,1,0,1,1,1,1,1,1,1,1,1,1,1,1,1,0,1,1,1,1,1,1,1,0,1,1,0,1,1,1,1,1,1,1,1,1
NUP98_HUMAN---TPR_HUMAN,1,1,1,1,1,1,1,1,1,0,1,1,1,1,1,0,1,1,1,1,1,1,1,1,1,1,1,1,1,0,1,1,1,1,1,1,1,0,1,1,0,1,1,1,1,1,1,1,1,1
RBM8A_HUMAN---TR150_HUMAN,1,1,1,1,1,1,1,1,1,0,1,1,1,1,0,0,1,1,0,1,1,0,1,0,1,1,1,1,1,0,1,1,1,0,1,1,1,0,1,1,0,1,1,1,1,1,1,1,1,1
CYTSB_HUMAN---TRAF2_HUMAN,1,1,1,1,1,1,1,1,1,0,1,1,1,1,1,0,1,1,1,1,1,1,1,1,1,1,1,1,1,0,1,1,1,1,1,1,1,0,1,1,0,1,1,1,1,1,1,1,1,1
RNF31_HUMAN---TRI25_HUMAN,1,1,1,1,1,1,1,1,1,0,1,1,1,1,1,0,1,1,1,1,1,1,1,1,1,1,1,1,1,0,1,1,1,1,1,1,1,0,1,1,0,1,1,1,1,1,1,1,1,1
SNUT2_HUMAN---TRI25_HUMAN,1,1,1,1,1,1,1,1,1,0,1,1,1,1,1,0,1,1,1,1,1,1,1,1,1,1,1,1,1,0,1,1,1,1,1,1,1,0,1,1,0,1,1,1,1,1,1,1,1,1
CD2B2_HUMAN---U520_HUMAN,1,1,1,1,1,1,1,1,1,0,1,1,1,1,1,0,1,1,1,1,1,1,1,1,1,1,1,1,1,0,1,1,1,1,1,1,1,0,1,1,0,1,1,1,1,1,1,1,1,1
CHIP_HUMAN---UBE2N_HUMAN,1,1,1,1,1,1,1,1,1,0,1,1,1,1,0,0,1,1,0,1,1,0,1,0,1,1,1,1,1,0,1,1,1,0,1,1,1,0,1,1,0,1,1,1,1,1,1,1,1,1
UBE2N_HUMAN---ZNRF2_HUMAN,1,1,1,1,1,1,1,1,1,0,1,1,1,1,0,0,1,1,0,1,1,0,1,0,1,1,1,1,1,0,1,1,1,0,1,1,1,0,1,1,0,1,1,1,1,1,1,1,1,1
PNKP_HUMAN---UBE2O_HUMAN,1,1,1,1,1,1,1,1,1,0,1,1,1,1,1,0,1,1,1,1,1,1,1,1,1,1,1,1,1,0,1,1,1,1,1,1,1,0,1,1,0,1,1,1,1,1,1,1,1,1
BAG6_HUMAN---UBL7_HUMAN,1,1,1,1,1,1,1,1,1,0,1,1,1,1,0,0,1,1,0,1,1,0,1,0,1,1,1,1,1,0,1,1,1,0,1,1,1,0,1,1,0,1,1,1,1,1,1,1,1,1
FOXK1_HUMAN---UBP24_HUMAN,1,1,1,1,1,1,1,1,1,0,1,1,1,1,0,0,1,1,0,1,1,0,1,0,1,1,1,1,1,0,1,1,1,0,1,1,1,0,1,1,0,1,1,1,1,1,1,1,1,1
ABI2_HUMAN---VINC_HUMAN,1,1,1,1,1,1,1,1,1,0,1,1,1,1,1,0,1,1,1,1,1,1,1,1,1,1,1,1,1,0,1,1,1,1,1,1,1,0,1,1,0,1,1,1,1,1,1,1,1,1
DDX54_HUMAN---WDHD1_HUMAN,1,1,1,1,1,1,1,1,1,0,1,1,1,1,1,0,1,1,1,1,1,1,1,1,1,1,1,1,1,0,1,1,1,1,1,1,1,0,1,1,0,1,1,1,1,1,1,1,1,1
NMD3_HUMAN---WDHD1_HUMAN,1,1,1,1,1,1,1,1,1,0,1,1,1,1,0,0,1,1,0,1,1,0,1,0,1,1,1,1,1,0,1,1,1,0,1,1,1,0,1,1,0,1,1,1,1,1,1,1,1,1
SPB1_HUMAN---WDHD1_HUMAN,1,1,0,0,1,0,1,0,1,0,0,1,1,1,0,0,0,1,1,0,1,0,1,1,1,1,0,0,1,0,0,0,1,1,0,1,1,0,1,1,0,0,1,0,1,0,1,1,0,1
WDR48_HUMAN---WDR70_HUMAN,1,1,1,1,1,1,1,1,1,0,1,1,1,1,1,0,1,1,1,1,1,1,1,1,1,1,1,1,1,0,1,1,1,1,1,1,1,0,1,1,0,1,1,1,1,1,1,1,1,1
CSK21_HUMAN---XRCC1_HUMAN,1,1,1,1,1,1,1,1,1,0,1,1,1,1,1,0,1,1,1,1,1,1,1,1,1,1,1,1,1,0,1,1,1,1,1,1,1,0,1,1,0,1,1,1,1,1,1,1,1,1
PNKP_HUMAN---XRCC1_HUMAN,1,1,1,1,1,1,1,1,1,0,1,1,1,1,1,0,1,1,1,1,1,1,1,1,1,1,1,1,1,0,1,1,1,1,1,1,1,0,1,1,0,1,1,1,1,1,1,1,1,1
PGAM1_HUMAN---XRCC6_HUMAN,1,1,1,1,1,1,1,1,1,0,1,1,1,1,1,0,1,1,1,1,1,1,1,1,1,1,1,1,1,0,1,1,1,1,1,1,1,0,1,1,0,1,1,1,1,1,1,1,1,1
PO2F1_HUMAN---XRCC6_HUMAN,1,1,1,1,1,1,1,1,1,0,1,1,1,1,1,0,1,1,1,1,1,1,1,1,1,1,1,1,1,0,1,1,1,1,1,1,1,0,1,1,0,1,1,1,1,1,1,1,1,1
RLA1_HUMAN---XRCC6_HUMAN,1,1,1,1,1,1,1,1,1,0,1,1,1,1,1,0,1,1,1,1,1,1,1,1,1,1,1,1,1,0,1,1,1,1,1,1,1,0,1,1,0,1,1,1,1,1,1,1,1,1
RRAS2_HUMAN---XRCC6_HUMAN,1,1,1,1,1,1,1,1,1,0,1,1,1,1,1,0,1,1,1,1,1,1,1,1,1,1,1,1,1,0,1,1,1,1,1,1,1,0,1,1,0,1,1,1,1,1,1,1,1,1
SIR1_HUMAN---XRCC6_HUMAN,1,1,1,1,1,1,1,1,1,0,1,1,1,1,1,0,1,1,1,1,1,1,1,1,1,1,1,1,1,0,1,1,1,1,1,1,1,0,1,1,0,1,1,1,1,1,1,1,1,1
EF1A1_HUMAN---XRN2_HUMAN,1,1,1,1,1,1,1,1,1,0,1,1,1,1,1,0,1,1,1,1,1,1,1,1,1,1,1,1,1,0,1,1,1,1,1,1,1,0,1,1,0,1,1,1,1,1,1,1,1,1
CTNB1_HUMAN---YAP1_HUMAN,1,1,1,1,1,1,1,1,1,0,1,1,1,1,1,0,1,1,1,1,1,1,1,1,1,1,1,1,1,0,1,1,1,1,1,1,1,0,1,1,0,1,1,1,1,1,1,1,1,1
WIZ_HUMAN---ZC3H4_HUMAN,1,1,1,1,1,1,1,1,1,0,1,1,1,1,0,0,1,1,0,1,1,0,1,0,1,1,1,1,1,0,1,1,1,0,1,1,1,0,1,1,0,1,1,1,1,1,1,1,1,1
SMRCD_HUMAN---ZCH18_HUMAN,1,1,1,1,1,1,1,1,1,0,1,1,1,1,1,0,1,1,1,1,1,1,1,1,1,1,1,1,1,0,1,1,1,1,1,1,1,0,1,1,0,1,1,1,1,1,1,1,1,1
SUMO2_HUMAN---ZMYM4_HUMAN,1,1,1,1,1,1,1,1,1,0,1,1,1,1,0,0,1,1,0,1,1,0,1,0,1,1,1,1,1,0,1,1,1,0,1,1,1,0,1,1,0,1,1,1,1,1,1,1,1,1
HDAC1_HUMAN---ZN609_HUMAN,1,1,1,1,1,1,1,1,1,0,1,1,1,1,1,0,1,1,1,1,1,1,1,1,1,1,1,1,1,0,1,1,1,1,1,1,1,0,1,1,0,1,1,1,1,1,1,1,1,1
1433G_HUMAN---ZN638_HUMAN,1,1,1,1,1,1,1,1,1,0,1,1,1,1,0,0,1,1,0,1,1,0,1,0,1,1,1,1,1,0,1,1,1,0,1,1,1,0,1,1,0,1,1,1,1,1,1,1,1,1
TERF2_HUMAN---ZN703_HUMAN,1,1,1,1,1,1,1,1,1,0,1,1,1,1,0,0,1,1,0,1,1,0,1,0,1,1,1,1,1,0,1,1,1,0,1,1,1,0,1,1,0,1,1,1,1,1,1,1,1,1
AFAD_HUMAN---ZO1_HUMAN,1,1,1,1,1,1,1,1,1,0,1,1,1,1,1,0,1,1,1,1,1,1,1,1,1,1,1,1,1,0,1,1,1,1,1,1,1,0,1,1,0,1,1,1,1,1,1,1,1,1
1433T_HUMAN---CRTC2_HUMAN,0,1,0,1,0,1,1,0,1,0,1,1,1,1,0,0,1,1,0,0,1,0,0,0,1,1,1,0,1,0,1,1,1,0,1,1,1,0,0,1,0,1,1,1,0,1,1,0,1,1
AAPK1_HUMAN---TBCD1_HUMAN,0,1,0,1,0,1,1,1,1,0,1,1,1,1,0,0,1,1,0,1,1,0,0,0,1,1,1,0,1,0,1,1,1,0,1,1,1,0,1,1,0,1,1,1,1,1,1,1,1,1
ACTB_HUMAN---COF1_HUMAN,0,1,0,1,0,1,0,0,1,0,1,1,1,1,0,0,1,1,0,0,1,0,0,0,0,1,1,0,1,0,1,0,1,0,1,0,1,0,0,1,0,1,1,1,0,1,1,0,0,1
ACTB_HUMAN---PRSR2_HUMAN,0,1,0,1,0,1,1,0,1,0,1,1,1,1,0,0,1,1,0,0,1,0,0,0,1,1,1,0,1,0,1,1,1,0,1,1,1,0,0,1,0,1,1,1,0,1,1,0,1,1
AKA12_HUMAN---DC1L1_HUMAN,0,1,0,1,0,1,1,1,1,0,1,1,1,1,0,0,1,1,0,1,1,0,0,0,1,1,1,0,1,0,1,1,1,0,1,1,1,0,1,1,0,1,1,1,1,1,1,1,1,1
AR6P4_HUMAN---SRPK2_HUMAN,0,1,0,1,0,1,1,1,1,0,1,1,1,1,0,0,1,1,0,1,1,0,0,0,1,1,1,0,1,0,1,1,1,0,1,1,1,0,1,1,0,1,1,1,1,1,1,1,1,1
ARHG7_HUMAN---NAA10_HUMAN,0,1,0,1,0,1,0,0,1,0,1,1,1,1,0,0,1,1,0,0,1,0,0,0,0,1,1,0,1,0,1,0,1,0,1,0,1,0,0,1,0,1,1,1,0,1,1,0,0,1
ASPM_HUMAN---KS6A1_HUMAN,0,1,0,1,0,1,0,0,1,0,1,1,1,1,0,0,1,1,0,0,0,0,0,0,0,1,1,0,0,0,1,0,0,0,0,0,1,0,0,1,0,1,1,0,0,1,1,0,0,1
AT133_HUMAN---MD2L1_HUMAN,0,1,0,1,0,1,1,1,1,0,1,1,1,1,0,0,1,1,0,1,1,0,0,0,1,1,1,0,1,0,1,1,1,0,1,1,1,0,1,1,0,1,1,1,1,1,1,1,1,1
ATRX_HUMAN---EZH2_HUMAN,0,1,0,0,0,1,1,1,0,0,0,1,1,1,0,0,1,1,0,1,1,0,0,0,1,0,0,0,1,0,0,1,1,0,1,1,0,0,1,0,0,1,0,1,1,1,1,1,1,0
ATX2L_HUMAN---OXSR1_HUMAN,0,1,0,1,0,1,1,1,1,0,1,1,1,1,0,0,1,1,0,1,1,0,0,0,1,1,1,0,1,0,1,1,1,0,1,1,1,0,1,1,0,1,1,1,1,1,1,1,1,1
AURKB_HUMAN---SKA1_HUMAN,0,1,0,1,0,1,1,0,1,0,1,1,1,1,0,0,1,1,0,0,1,0,0,0,1,1,1,0,1,0,1,1,1,0,1,1,1,0,0,1,0,1,1,1,0,1,1,0,1,1
B2R4R0_HUMAN---NSD1_HUMAN,0,1,0,1,0,1,1,1,1,0,1,1,1,1,0,0,1,1,0,1,1,0,0,0,1,1,1,0,1,0,1,1,1,0,1,1,1,0,1,1,0,1,1,1,1,1,1,1,1,1
B2R9N9_HUMAN---GRM1A_HUMAN,0,1,0,1,0,1,1,1,1,0,1,1,1,1,0,0,1,1,0,1,1,0,0,0,1,1,1,0,1,0,1,1,1,0,1,1,1,0,1,1,0,1,1,1,1,1,1,1,1,1
B2R9N9_HUMAN---MYD88_HUMAN,0,1,0,1,0,1,1,1,1,0,1,1,1,1,0,0,1,1,0,1,1,0,0,0,1,1,1,0,1,0,1,1,1,0,1,1,1,0,1,1,0,1,1,1,1,1,1,1,1,1
B4DJ51_HUMAN---STRN3_HUMAN,0,1,0,1,0,1,1,1,1,0,1,1,1,1,0,0,1,1,0,1,1,0,0,0,1,1,1,0,1,0,1,1,1,0,1,1,1,0,1,1,0,1,1,1,1,1,1,1,1,1
BAD_HUMAN---D0PNI1_HUMAN,0,1,0,1,0,1,1,1,1,0,1,1,1,1,0,0,1,1,0,1,1,0,0,0,1,1,1,0,1,0,1,1,1,0,1,1,1,0,1,1,0,1,1,1,1,1,1,1,1,1
ARPC3_HUMAN---BAG6_HUMAN,0,1,0,1,0,1,0,0,1,0,1,1,1,1,0,0,1,1,0,0,1,0,0,0,0,1,1,0,1,0,1,0,1,0,1,0,1,0,0,1,0,1,1,1,0,1,1,0,0,1
BARD1_HUMAN---DHX57_HUMAN,0,1,0,1,0,1,1,0,1,0,1,1,1,1,0,0,1,1,0,0,1,0,0,0,1,1,1,0,1,0,1,1,1,0,1,1,1,0,0,1,0,1,1,1,0,1,1,0,1,1
BARD1_HUMAN---P53_HUMAN,0,1,0,1,0,1,1,0,1,0,1,1,1,1,0,0,1,1,0,0,1,0,0,0,1,1,1,0,1,0,1,1,1,0,1,1,1,0,0,1,0,1,1,1,0,1,1,0,1,1
BARD1_HUMAN---SCAFB_HUMAN,0,1,0,1,0,1,0,0,1,0,1,1,1,1,0,0,1,1,0,0,0,0,0,0,0,1,1,0,0,0,1,0,0,0,0,0,1,0,0,1,0,1,1,0,0,1,1,0,0,1
BARD1_HUMAN---TBCD1_HUMAN,0,1,0,1,0,1,1,0,1,0,1,1,1,1,0,0,1,1,0,0,1,0,0,0,1,1,1,0,1,0,1,1,1,0,1,1,1,0,0,1,0,1,1,1,0,1,1,0,1,1
BAZ1B_HUMAN---CAF1B_HUMAN,0,1,0,1,0,1,0,0,1,0,1,1,1,1,0,0,1,1,0,0,0,0,0,0,0,1,1,0,0,0,1,0,0,0,0,0,1,0,0,1,0,1,1,0,0,1,1,0,0,1
BAZ1B_HUMAN---SMCA5_HUMAN,0,1,0,1,0,1,1,0,1,0,1,1,1,1,0,0,1,1,0,0,1,0,0,0,1,1,1,0,1,0,1,1,1,0,1,1,1,0,0,1,0,1,1,1,0,1,1,0,1,1
BAZ1B_HUMAN---TOP2B_HUMAN,0,1,0,1,0,1,1,1,1,0,1,1,1,1,0,0,1,1,0,1,1,0,0,0,1,1,1,0,1,0,1,1,1,0,1,1,1,0,1,1,0,1,1,1,1,1,1,1,1,1
BCOR_HUMAN---KDM2B_HUMAN,0,1,0,1,0,1,1,1,1,0,1,1,1,1,0,0,1,1,0,1,1,0,0,0,1,1,1,0,1,0,1,1,1,0,1,1,1,0,1,1,0,1,1,1,1,1,1,1,1,1
B4E1U9_HUMAN---BORG1_HUMAN,0,1,0,1,0,1,1,1,1,0,1,1,1,1,0,0,1,1,0,1,1,0,0,0,1,1,1,0,1,0,1,1,1,0,1,1,1,0,1,1,0,1,1,1,1,1,1,1,1,1
BRD3_HUMAN---SRPK2_HUMAN,0,1,0,1,0,1,0,0,1,0,1,1,1,1,0,0,1,1,0,0,0,0,0,0,0,1,1,0,0,0,1,0,0,0,0,0,1,0,0,1,0,1,1,0,0,1,1,0,0,1
C1QBP_HUMAN---PRC2A_HUMAN,0,1,0,1,0,1,1,1,1,0,1,1,1,1,0,0,1,1,0,1,1,0,0,0,1,1,1,0,1,0,1,1,1,0,1,1,1,0,1,1,0,1,1,1,1,1,1,1,1,1
CADH1_HUMAN---CTNB1_HUMAN,0,1,0,1,0,1,1,0,1,0,1,1,1,1,0,0,1,1,0,0,1,0,0,0,1,1,1,0,1,0,1,1,1,0,1,1,1,0,0,1,0,1,1,1,0,1,1,0,1,1
CBL_HUMAN---MYH9_HUMAN,0,1,0,1,0,1,1,1,1,0,1,1,1,1,0,0,1,1,0,1,1,0,0,0,1,1,1,0,1,0,1,1,1,0,1,1,1,0,1,1,0,1,1,1,1,1,1,1,1,1
CCDC6_HUMAN---E7ETM7_HUMAN,0,1,0,1,0,1,0,0,1,0,1,1,1,1,0,0,1,1,0,0,0,0,0,0,0,1,1,0,0,0,1,0,0,0,0,0,1,0,0,1,0,1,1,0,0,1,1,0,0,1
CCNL2_HUMAN---DYR1A_HUMAN,0,1,0,1,0,1,1,1,1,0,1,1,1,1,0,0,1,1,0,1,1,0,0,0,1,1,1,0,1,0,1,1,1,0,1,1,1,0,1,1,0,1,1,1,1,1,1,1,1,1
CDC20_HUMAN---MD2L1_HUMAN,0,1,0,1,0,1,1,1,1,0,1,1,1,1,0,0,1,1,0,1,1,0,0,0,1,1,1,0,1,0,1,1,1,0,1,1,1,0,1,1,0,1,1,1,1,1,1,1,1,1
C1QBP_HUMAN---CDK13_HUMAN,0,1,0,1,0,1,1,1,1,0,1,1,1,1,0,0,1,1,0,1,1,0,0,0,1,1,1,0,1,0,1,1,1,0,1,1,1,0,1,1,0,1,1,1,1,1,1,1,1,1
CDK1_HUMAN---DLG1_HUMAN,0,1,0,1,0,1,1,1,1,0,1,1,1,1,0,0,1,1,0,1,1,0,0,0,1,1,1,0,1,0,1,1,1,0,1,1,1,0,1,1,0,1,1,1,1,1,1,1,1,1
CDK1_HUMAN---NUMA1_HUMAN,0,1,0,1,0,1,1,1,1,0,1,1,1,1,0,0,1,1,0,1,1,0,0,0,1,1,1,0,1,0,1,1,1,0,1,1,1,0,1,1,0,1,1,1,1,1,1,1,1,1
CDK1_HUMAN---P3C2A_HUMAN,0,1,0,1,0,1,1,1,1,0,1,1,1,1,0,0,1,1,0,1,1,0,0,0,1,1,1,0,1,0,1,1,1,0,1,1,1,0,1,1,0,1,1,1,1,1,1,1,1,1
CDK1_HUMAN---PKN2_HUMAN,0,1,0,1,0,1,1,0,1,0,1,1,1,1,0,0,1,1,0,0,1,0,0,0,1,1,1,0,1,0,1,1,1,0,1,1,1,0,0,1,0,1,1,1,0,1,1,0,1,1
CDK1_HUMAN---UBP2L_HUMAN,0,1,0,1,0,1,1,1,1,0,1,1,1,1,0,0,1,1,0,1,1,0,0,0,1,1,1,0,1,0,1,1,1,0,1,1,1,0,1,1,0,1,1,1,1,1,1,1,1,1
CDK2_HUMAN---NUFP2_HUMAN,0,1,0,1,0,1,1,0,1,0,1,1,1,1,0,0,1,1,0,0,1,0,0,0,1,1,1,0,1,0,1,1,1,0,1,1,1,0,0,1,0,1,1,1,0,1,1,0,1,1
CHIP_HUMAN---SMAD1_HUMAN,0,1,0,1,0,1,1,1,1,0,1,1,1,1,0,0,1,1,0,1,1,0,0,0,1,1,1,0,1,0,1,1,1,0,1,1,1,0,1,1,0,1,1,1,1,1,1,1,1,1
CHIP_HUMAN---UB2D2_HUMAN,0,1,0,1,0,1,1,1,1,0,1,1,1,1,0,0,1,1,0,1,1,0,0,0,1,1,1,0,1,0,1,1,1,0,1,1,1,0,1,1,0,1,1,1,1,1,1,1,1,1
A4D1G0_HUMAN---CLASR_HUMAN,0,1,0,1,0,1,1,0,1,0,1,1,1,1,0,0,1,1,0,0,1,0,0,0,1,1,1,0,1,0,1,1,1,0,1,1,1,0,0,1,0,1,1,1,0,1,1,0,1,1
CSK21_HUMAN---MGMT_HUMAN,0,1,0,1,0,1,1,1,1,0,1,1,1,1,0,0,1,1,0,1,1,0,0,0,1,1,1,0,1,0,1,1,1,0,1,1,1,0,1,1,0,1,1,1,1,1,1,1,1,1
CTNB1_HUMAN---IF2B1_HUMAN,0,1,0,1,0,0,0,0,1,0,1,1,0,1,0,0,1,0,0,0,0,0,0,0,0,1,1,0,0,0,1,0,0,0,0,0,1,0,0,1,0,1,1,0,0,0,1,0,0,1
DC1L1_HUMAN---DC1L2_HUMAN,0,1,0,1,0,1,1,0,1,0,1,1,1,1,0,0,1,1,0,0,1,0,0,0,1,1,1,0,1,0,1,1,1,0,1,1,1,0,0,1,0,1,1,1,0,1,1,0,1,1
DCAF8_HUMAN---SUV91_HUMAN,0,1,0,1,0,1,0,0,1,0,1,1,1,1,0,0,1,1,0,0,1,0,0,0,0,1,1,0,1,0,1,0,1,0,1,0,1,0,0,1,0,1,1,1,0,1,1,0,0,1
DDA1_HUMAN---PWP1_HUMAN,0,1,0,1,0,1,1,1,1,0,1,1,1,1,0,0,1,1,0,1,1,0,0,0,1,1,1,0,1,0,1,1,1,0,1,1,1,0,1,1,0,1,1,1,1,1,1,1,1,1
DDX41_HUMAN---NKAP_HUMAN,0,1,0,1,0,1,1,0,1,0,1,1,1,1,0,0,1,1,0,0,1,0,0,0,1,1,1,0,1,0,1,1,1,0,1,1,1,0,0,1,0,1,1,1,0,1,1,0,1,1
DDX42_HUMAN---MEPCE_HUMAN,0,1,0,1,0,1,1,1,1,0,1,1,1,1,0,0,1,1,0,1,1,0,0,0,1,1,1,0,1,0,1,1,1,0,1,1,1,0,1,1,0,1,1,1,1,1,1,1,1,1
DESP_HUMAN---PKP2_HUMAN,0,1,0,1,0,1,0,0,1,0,1,1,1,1,0,0,1,1,0,0,1,0,0,0,0,1,1,0,1,0,1,0,1,0,1,0,1,0,0,1,0,1,1,1,0,1,1,0,0,1
DIDO1_HUMAN---HNRPK_HUMAN,0,1,0,1,0,1,1,1,1,0,1,1,1,1,0,0,1,1,0,1,1,0,0,0,1,1,1,0,1,0,1,1,1,0,1,1,1,0,1,1,0,1,1,1,1,1,1,1,1,1
DKC1_HUMAN---WDR48_HUMAN,0,1,0,1,0,1,0,0,1,0,1,1,1,1,0,0,1,1,0,0,0,0,0,0,0,1,1,0,0,0,1,0,0,0,0,1,1,0,0,1,0,1,1,0,0,1,1,0,0,1
DYR1A_HUMAN---SF3B1_HUMAN,0,1,0,1,0,1,1,1,1,0,1,1,1,1,0,0,1,1,0,1,1,0,0,0,1,1,1,0,1,0,1,1,1,0,1,1,1,0,1,1,0,1,1,1,1,1,1,1,1,1
E7ETM7_HUMAN---PTSS2_HUMAN,0,1,0,1,0,1,0,0,1,0,1,1,1,1,0,0,1,1,0,0,0,0,0,0,0,1,1,0,0,0,1,0,0,0,0,0,1,0,0,1,0,1,1,0,0,1,1,1,0,1
EDC3_HUMAN---EDC4_HUMAN,0,1,0,1,0,1,1,1,1,0,1,1,1,1,0,0,1,1,0,1,1,0,0,0,1,1,1,0,1,0,1,1,1,0,1,1,1,0,1,1,0,1,1,1,1,1,1,1,1,1
EF1A1_HUMAN---EF1B_HUMAN,0,1,0,1,0,1,1,1,1,0,1,1,1,1,0,0,1,1,0,1,1,0,0,0,1,1,1,0,1,0,1,1,1,0,1,1,1,0,1,1,0,1,1,1,1,1,1,1,1,1
B4DJ51_HUMAN---EGFR_HUMAN,0,1,0,1,0,1,1,1,1,0,1,1,1,1,0,0,1,1,0,1,1,0,0,0,1,1,1,0,1,0,1,1,1,0,1,1,1,0,1,1,0,1,1,1,1,1,1,1,1,1
EGFR_HUMAN---GSTP1_HUMAN,0,1,0,1,0,1,0,0,1,0,1,1,1,1,0,0,1,1,0,0,1,0,0,0,0,1,1,0,1,0,1,0,1,0,1,0,1,0,0,1,0,1,1,1,0,1,1,0,0,1
AAGAB_HUMAN---EIF3C_HUMAN,0,1,0,1,0,1,1,1,1,0,1,1,1,1,0,0,1,1,0,1,1,0,0,0,1,1,1,0,1,0,1,1,1,0,1,1,1,0,1,1,0,1,1,1,1,1,1,1,1,1
EIF3B_HUMAN---EIF3C_HUMAN,0,1,0,1,0,1,1,1,1,0,1,1,1,1,0,0,1,1,0,1,1,0,0,0,1,1,1,0,1,0,1,1,1,0,1,1,1,0,1,1,0,1,1,1,1,1,1,1,1,1
ERF_HUMAN---MK01_HUMAN,0,1,0,1,0,1,1,0,1,0,1,1,1,1,0,0,1,1,0,0,1,0,0,0,1,1,1,0,1,0,1,1,1,0,1,1,1,0,0,1,0,1,1,1,0,1,1,0,1,1
EYA4_HUMAN---SMRD1_HUMAN,0,1,0,1,0,1,0,0,1,0,1,1,1,1,0,0,1,1,0,0,1,0,0,0,0,1,1,0,1,0,1,0,1,0,1,0,1,0,0,1,0,1,1,1,0,1,1,0,0,1
F122B_HUMAN---WDR48_HUMAN,0,1,0,1,0,1,1,0,1,0,1,1,1,1,0,0,1,1,0,0,1,0,0,0,1,1,1,0,1,0,1,1,1,0,1,1,1,0,0,1,0,1,1,1,0,1,1,0,1,1
CHD3_HUMAN---F134A_HUMAN,0,1,0,1,0,1,0,0,1,0,1,1,1,1,0,0,1,1,0,0,0,0,0,0,0,1,1,0,0,0,1,0,0,0,0,0,1,0,0,1,0,1,1,0,0,1,1,0,0,1
FAK1_HUMAN---NASP_HUMAN,0,1,0,1,0,1,1,1,1,0,1,1,1,1,0,0,1,1,0,1,1,0,0,0,1,1,1,0,1,0,1,1,1,0,1,1,1,0,1,1,0,1,1,1,1,1,1,1,1,1
FIP1_HUMAN---SRC_HUMAN,0,1,0,1,0,1,0,0,1,0,1,1,1,1,0,0,1,1,0,0,1,0,0,0,0,1,1,0,1,0,1,0,1,0,1,0,1,0,0,1,0,1,1,1,0,1,1,0,0,1
FUBP2_HUMAN---HNRH1_HUMAN,0,1,0,1,0,1,0,0,1,0,1,1,1,1,0,0,1,1,0,0,1,0,0,0,0,1,1,0,1,0,1,0,1,0,1,0,1,0,0,1,0,1,1,1,0,1,1,0,0,1
CAV1_HUMAN---FYN_HUMAN,0,1,0,1,0,1,0,0,1,0,1,1,1,1,0,0,1,1,0,0,1,0,0,0,0,1,1,0,1,0,1,0,1,0,1,0,1,0,0,1,0,1,1,1,0,1,1,0,0,1
DHX29_HUMAN---G4XH65_HUMAN,0,1,0,1,0,1,0,0,1,0,1,1,1,1,0,0,1,1,0,0,0,0,0,0,0,1,1,0,0,0,1,1,0,0,1,0,1,0,0,1,0,1,1,1,0,1,1,0,1,1
G4XH65_HUMAN---HS90A_HUMAN,0,1,1,1,0,1,0,1,1,0,1,1,1,1,1,0,1,1,0,1,0,1,0,0,0,1,1,1,0,0,1,1,0,0,1,0,1,0,0,1,0,1,1,1,0,1,1,0,1,1
GSTP1_HUMAN---SFR19_HUMAN,0,1,0,1,0,1,0,0,1,0,1,1,1,1,0,0,1,1,0,0,1,0,0,0,0,1,1,0,1,0,1,0,1,0,1,0,1,0,0,1,0,1,1,1,0,1,1,0,0,1
CDK1_HUMAN---H14_HUMAN,0,1,0,1,0,1,1,0,1,0,1,1,1,1,0,0,1,1,0,0,1,0,0,0,1,1,1,0,1,0,1,1,1,0,1,1,1,0,0,1,0,1,1,1,0,1,1,0,1,1
CSK21_HUMAN---HAP28_HUMAN,0,1,0,1,0,1,1,1,1,0,1,1,1,1,0,0,1,1,0,1,1,0,0,0,1,1,1,0,1,0,1,1,1,0,1,1,1,0,1,1,0,1,1,1,1,1,1,1,1,1
CCDC6_HUMAN---HDAC1_HUMAN,0,1,0,1,0,1,0,0,1,0,1,1,1,1,0,0,1,1,0,0,0,0,0,0,0,1,1,0,0,0,1,0,0,0,0,0,1,0,0,1,0,1,1,0,0,1,1,0,0,1
HDAC1_HUMAN---KDM1A_HUMAN,0,1,0,1,0,1,0,0,1,0,1,1,1,1,0,0,1,1,0,0,0,0,0,0,1,1,1,0,0,0,1,0,0,0,0,0,1,0,0,1,0,1,1,0,0,1,1,0,0,1
HDAC1_HUMAN---MTG8_HUMAN,0,1,0,1,0,1,0,0,1,0,1,1,1,1,0,0,1,1,0,0,1,0,0,0,0,1,1,0,1,0,1,0,1,0,1,0,1,0,0,1,0,1,1,1,0,1,1,0,0,1
HDAC1_HUMAN---NCOR2_HUMAN,0,1,0,1,0,1,1,0,1,0,1,1,1,1,0,0,1,1,0,0,1,0,0,0,1,1,1,0,1,0,1,1,1,0,1,1,1,0,0,1,0,1,1,1,0,1,1,0,1,1
HDAC1_HUMAN---P66B_HUMAN,0,1,0,1,0,1,1,0,1,0,1,1,1,1,0,0,1,1,0,0,1,0,0,0,1,1,1,0,1,0,1,1,1,0,1,1,1,0,0,1,0,1,1,1,0,1,1,0,1,1
HDAC1_HUMAN---TOP2A_HUMAN,0,1,0,1,0,1,1,1,1,0,1,1,1,1,0,0,1,1,0,1,1,0,0,0,1,1,1,0,1,0,1,1,1,0,1,1,1,0,1,1,0,1,1,1,1,1,1,1,1,1
1433E_HUMAN---HDAC4_HUMAN,0,1,0,1,0,1,1,1,1,0,1,1,1,1,0,0,1,1,0,1,1,0,0,0,1,1,1,0,1,0,1,1,1,0,1,1,1,0,1,1,0,1,1,1,1,1,1,1,1,1
CG050_HUMAN---HDGF_HUMAN,0,1,0,1,0,1,0,0,1,0,1,1,1,1,0,0,1,1,0,0,0,0,0,0,0,1,1,0,0,0,1,0,0,0,0,0,1,0,0,1,0,1,1,0,0,1,1,0,0,1
HNRH1_HUMAN---ROA2_HUMAN,0,1,0,1,0,1,1,0,1,0,1,1,1,1,0,0,1,1,0,0,1,0,0,0,1,1,1,0,1,0,1,1,1,0,1,1,1,0,0,1,0,1,1,1,0,1,1,0,1,1
HNRPK_HUMAN---SRC_HUMAN,0,1,0,1,0,1,0,0,1,0,1,1,1,1,0,0,1,1,0,0,1,0,0,0,0,1,1,0,1,0,1,0,1,0,1,0,1,0,0,1,0,1,1,1,0,1,1,0,0,1
HS90B_HUMAN---LAR4B_HUMAN,0,1,0,1,0,1,0,0,1,0,1,1,1,1,0,0,1,1,0,0,1,0,0,0,0,1,1,0,1,0,1,0,1,0,1,0,1,0,0,1,0,1,1,1,0,1,1,0,0,1
IF2B1_HUMAN---TRM7_HUMAN,0,1,0,0,0,0,0,0,0,0,1,0,0,0,0,0,0,0,0,0,0,0,0,0,0,0,0,0,0,0,0,0,0,0,0,0,0,0,0,0,0,0,0,0,0,0,0,0,0,0
HN1_HUMAN---IMA1_HUMAN,0,1,0,0,0,1,1,1,0,0,0,0,1,0,0,0,0,1,0,1,1,0,0,0,1,0,0,0,1,0,0,1,1,0,1,1,0,0,1,0,0,0,0,1,1,1,0,1,1,0
INADL_HUMAN---MPP5_HUMAN,0,1,0,1,0,1,1,0,1,0,1,1,1,1,0,0,1,1,0,0,1,0,0,0,1,1,1,0,1,0,1,1,1,0,1,1,1,0,0,1,0,1,1,1,0,1,1,0,1,1
CTNB1_HUMAN---IQGA1_HUMAN,0,1,0,1,0,1,0,0,1,0,1,1,1,1,0,0,1,1,0,0,1,0,0,0,0,1,1,0,1,0,1,0,1,0,1,0,1,0,0,1,0,1,1,1,0,1,1,0,0,1
IQGA1_HUMAN---PODXL_HUMAN,0,1,0,1,0,1,0,0,1,0,1,1,1,1,0,0,1,1,0,0,1,0,0,0,0,1,1,0,1,0,1,0,1,0,1,0,1,0,0,1,0,1,1,1,0,1,1,0,0,1
ATF2_HUMAN---JUN_HUMAN,0,1,0,1,0,1,0,0,1,0,1,1,1,1,0,0,1,1,0,0,1,0,0,0,0,1,1,0,1,0,1,0,1,0,1,0,1,0,0,1,0,1,1,1,0,1,1,0,0,1
ETS1_HUMAN---JUN_HUMAN,0,1,0,1,0,1,1,1,1,0,1,1,1,1,0,0,1,1,0,1,1,0,0,0,1,1,1,0,1,0,1,1,1,0,1,1,1,0,1,1,0,1,1,1,1,1,1,1,1,1
CAAP1_HUMAN---KAT7_HUMAN,0,1,0,1,0,1,1,0,1,0,1,1,1,1,0,0,1,1,0,0,1,0,0,0,1,1,1,0,1,0,1,1,1,0,1,1,1,0,0,1,0,1,1,1,0,1,1,0,1,1
KCD12_HUMAN---OSBP1_HUMAN,0,1,0,1,0,1,1,1,1,0,1,1,1,1,0,0,1,1,0,1,1,0,0,0,1,1,1,0,1,0,1,1,1,0,1,1,1,0,1,1,0,1,1,1,1,1,1,1,1,1
KCRB_HUMAN---MIPT3_HUMAN,0,1,0,1,0,1,1,1,1,0,1,1,1,1,0,0,1,1,0,1,1,0,0,0,1,1,1,0,1,0,1,1,1,0,1,1,1,0,1,1,0,1,1,1,1,1,1,1,1,1
HDAC2_HUMAN---KDM5C_HUMAN,0,1,0,1,0,1,0,0,1,0,1,1,1,1,0,0,1,1,0,0,0,0,0,0,0,1,1,0,0,0,1,0,0,0,0,0,1,0,0,1,0,1,1,0,0,1,1,0,0,1
KLC4_HUMAN---LR16A_HUMAN,0,1,0,1,0,1,1,1,1,0,1,1,1,1,0,0,1,1,0,1,1,0,0,0,1,1,1,0,1,0,1,1,1,0,1,1,1,0,1,1,0,1,1,1,1,1,1,1,1,1
1433E_HUMAN---KPRB_HUMAN,0,1,0,1,0,1,1,1,1,0,1,1,1,1,0,0,1,1,0,1,1,0,0,0,1,1,1,0,1,0,1,1,1,0,1,1,1,0,1,1,0,1,1,1,1,1,1,1,1,1
KPRB_HUMAN---LRC47_HUMAN,0,1,0,1,0,1,1,1,1,0,1,1,1,1,0,0,1,1,0,1,1,0,0,0,1,1,1,0,1,0,1,1,1,0,1,1,1,0,1,1,0,1,1,1,1,1,1,1,1,1
BRAP_HUMAN---KSR1_HUMAN,0,1,0,1,0,1,1,0,1,0,1,1,1,1,0,0,1,1,0,0,1,0,0,0,1,1,1,0,1,0,1,1,1,0,1,1,1,0,0,1,0,1,1,1,0,1,1,0,1,1
KSYK_HUMAN---LCK_HUMAN,0,1,0,1,0,1,1,1,1,0,1,1,1,1,0,0,1,1,0,1,1,0,0,0,1,1,1,0,1,0,1,1,1,0,1,1,1,0,1,1,0,1,1,1,1,1,1,1,1,1
CADH1_HUMAN---LIMA1_HUMAN,0,1,0,1,0,1,1,0,1,0,1,1,1,1,0,0,1,1,0,0,1,0,0,0,1,1,1,0,1,0,1,1,1,0,1,1,1,0,0,1,0,1,1,1,0,1,1,0,1,1
LNX1_HUMAN---S6A15_HUMAN,0,1,0,1,0,1,0,0,1,0,1,1,1,1,0,0,1,1,0,0,1,0,0,0,0,1,1,0,1,0,1,0,1,0,1,0,1,0,0,1,0,1,1,1,0,1,1,0,0,1
LNX1_HUMAN---T22D4_HUMAN,0,1,0,1,0,1,0,0,1,0,1,1,1,1,0,0,1,1,0,0,1,0,0,0,0,1,1,0,1,0,1,0,1,0,1,0,1,0,0,1,0,1,1,1,0,1,1,0,0,1
M3K3_HUMAN---MARK2_HUMAN,0,1,0,1,0,1,0,0,1,0,1,1,1,1,0,0,1,1,0,0,1,0,0,0,0,1,1,0,1,0,1,0,1,0,1,0,1,0,0,1,0,1,1,1,0,1,1,0,0,1
M3K3_HUMAN---SC16A_HUMAN,0,1,0,1,0,1,0,0,1,0,1,1,1,1,0,0,1,1,0,0,1,0,0,0,0,1,1,0,1,0,1,0,1,0,1,0,1,0,0,1,0,1,1,1,0,1,1,0,0,1
MARK2_HUMAN---UTRO_HUMAN,0,1,0,1,0,1,1,0,1,0,1,1,1,1,0,0,1,1,0,0,1,0,0,0,1,1,1,0,1,0,1,1,1,0,1,1,1,0,0,1,0,1,1,1,0,1,1,0,1,1
MBD1_HUMAN---MCAF1_HUMAN,0,1,0,1,0,1,1,0,1,0,1,1,1,1,0,0,1,1,0,0,1,0,0,0,1,1,1,0,1,0,1,1,1,0,1,1,1,0,0,1,0,1,1,1,0,1,1,0,1,1
MBD1_HUMAN---SUV91_HUMAN,0,1,0,1,0,1,1,0,1,0,1,1,1,1,0,0,1,1,0,0,1,0,0,0,1,1,1,0,1,0,1,1,1,0,1,1,1,0,0,1,0,1,1,1,0,1,1,0,1,1
MCM2_HUMAN---MCM6_HUMAN,0,1,0,1,0,1,1,0,1,0,1,1,1,1,0,0,1,1,0,0,1,0,0,0,1,1,1,0,1,0,1,1,1,0,1,1,1,0,0,1,0,1,1,1,0,1,1,0,1,1
MCM6_HUMAN---SCNM1_HUMAN,0,1,0,1,0,1,1,0,1,0,1,1,1,1,0,0,1,1,0,0,1,0,0,0,1,1,1,0,1,0,1,1,1,0,1,1,1,0,0,1,0,1,1,1,0,1,1,0,1,1
CDC20_HUMAN---MDC1_HUMAN,0,1,0,1,0,1,1,1,1,0,1,1,1,1,0,0,1,1,0,1,1,0,0,0,1,1,1,0,1,0,1,1,1,0,1,1,1,0,1,1,0,1,1,1,1,1,1,1,1,1
CHAP1_HUMAN---MDC1_HUMAN,0,1,0,1,0,1,1,1,1,0,1,1,1,1,1,0,1,1,0,1,1,0,0,0,1,1,1,0,1,0,1,1,1,0,1,1,1,0,1,1,0,1,1,1,1,1,1,1,1,1
MDC1_HUMAN---UIMC1_HUMAN,0,1,0,1,0,1,1,1,1,0,1,1,1,1,0,0,1,1,0,1,1,0,0,0,1,1,1,0,1,0,1,1,1,0,1,1,1,0,1,1,0,1,1,1,1,1,1,1,1,1
MED12_HUMAN---MED8_HUMAN,0,1,0,1,0,1,1,0,1,0,1,1,1,1,0,0,1,1,0,0,1,0,0,0,1,1,1,0,1,0,1,1,1,0,1,1,1,0,0,1,0,1,1,1,0,1,1,0,1,1
MFAP1_HUMAN---SNUT1_HUMAN,0,1,0,1,0,1,1,0,1,0,1,1,1,1,0,0,1,1,0,0,1,0,0,0,1,1,1,0,1,0,1,1,1,0,1,1,1,0,0,1,0,1,1,1,0,1,1,0,1,1
MK09_HUMAN---WDR62_HUMAN,0,1,0,1,0,1,1,0,1,0,1,1,1,1,0,0,1,1,0,0,1,0,0,0,1,1,1,0,1,0,1,1,1,0,1,1,1,0,0,1,0,1,1,1,0,1,1,0,1,1
MK13_HUMAN---STMN1_HUMAN,0,1,0,1,0,1,0,0,1,0,1,1,1,1,0,0,1,1,0,0,1,0,0,0,0,1,1,0,1,0,1,0,1,0,1,0,1,0,0,1,0,1,1,1,0,1,1,0,0,1
JIP4_HUMAN---MK14_HUMAN,0,1,0,1,0,1,1,1,1,0,1,1,1,1,0,0,1,1,0,1,1,0,0,0,1,1,1,0,1,0,1,1,1,0,1,1,1,0,1,1,0,1,1,1,1,1,1,1,1,1
ML12A_HUMAN---TP53B_HUMAN,0,1,0,1,0,1,0,0,1,0,1,1,1,1,0,0,1,1,0,0,0,0,0,0,0,1,1,0,0,0,1,0,0,0,0,0,1,0,0,1,0,1,1,0,0,1,1,0,0,1
AMOT_HUMAN---MPP5_HUMAN,0,1,0,1,0,1,1,0,1,0,1,1,1,1,0,0,1,1,0,0,1,0,0,0,1,1,1,0,1,0,1,1,1,0,1,1,1,0,0,1,0,1,1,1,0,1,1,0,1,1
CBLB_HUMAN---MYD88_HUMAN,0,1,0,1,0,1,1,1,1,0,1,1,1,1,0,0,1,1,0,1,1,0,0,0,1,1,1,0,1,0,1,1,1,0,1,1,1,0,1,1,0,1,1,1,1,1,1,1,1,1
AKA10_HUMAN---MYH9_HUMAN,0,1,0,1,0,1,1,1,1,0,1,1,1,1,0,0,1,1,0,1,1,0,0,0,1,1,1,0,1,0,1,1,1,0,1,1,1,0,1,1,0,1,1,1,1,1,1,1,1,1
MYH9_HUMAN---SVIL_HUMAN,0,1,0,1,0,1,1,1,1,0,1,1,1,1,0,0,1,1,0,1,1,0,0,0,1,1,1,0,1,0,1,1,1,0,1,1,1,0,1,1,0,1,1,1,1,1,1,1,1,1
CDK1_HUMAN---NIPA_HUMAN,0,1,0,1,0,1,1,1,1,0,1,1,1,1,0,0,1,1,0,1,1,0,0,0,1,1,1,0,1,0,1,1,1,0,1,1,1,0,1,1,0,1,1,1,1,1,1,1,1,1
EIF3G_HUMAN---ODPA_HUMAN,0,1,0,1,0,1,0,0,1,0,1,1,1,1,0,0,1,1,0,0,1,0,0,0,0,1,1,0,1,0,1,0,1,0,1,0,1,0,0,1,0,1,1,1,0,1,1,0,0,1
OSBP1_HUMAN---ZRAB2_HUMAN,0,1,0,1,0,1,1,1,1,0,1,1,1,1,0,0,1,1,0,1,1,0,0,0,1,1,1,0,1,0,1,1,1,0,1,1,1,0,1,1,0,1,1,1,1,1,1,1,1,1
MTG8_HUMAN---OTUD4_HUMAN,0,1,0,1,0,1,0,0,1,0,1,1,1,1,0,0,1,1,0,0,1,0,0,0,0,1,1,0,1,0,1,0,1,0,1,0,1,0,0,1,0,1,1,1,0,1,1,0,0,1
ARPC3_HUMAN---OTUD5_HUMAN,0,1,0,1,0,1,0,0,1,0,1,1,1,1,0,0,1,1,0,0,1,0,0,0,0,1,1,0,1,0,1,0,1,0,1,0,1,0,0,1,0,1,1,1,0,1,1,0,0,1
OXSR1_HUMAN---WNK1_HUMAN,0,1,0,1,0,1,1,1,1,0,1,1,1,1,0,0,1,1,0,1,1,0,0,0,1,1,1,0,1,0,1,1,1,0,1,1,1,0,1,1,0,1,1,1,1,1,1,1,1,1
P53_HUMAN---TPC11_HUMAN,0,1,0,0,0,1,1,0,0,0,0,0,1,0,0,0,0,1,0,0,1,0,0,0,1,0,0,0,1,0,0,1,1,0,1,1,0,0,0,0,0,0,0,1,0,1,0,0,1,0
P53_HUMAN---ZN148_HUMAN,0,1,0,1,0,1,1,1,1,0,1,1,1,1,0,0,1,1,0,1,1,0,0,0,1,1,1,0,1,0,1,1,1,0,1,1,1,0,1,1,0,1,1,1,1,1,1,1,1,1
PAK4_HUMAN---PAXI_HUMAN,0,1,0,1,0,1,1,0,1,0,1,1,1,1,0,0,1,1,0,0,1,0,0,0,1,1,1,0,1,0,1,1,1,0,1,1,1,0,0,1,0,1,1,1,0,1,1,0,1,1
PLK1_HUMAN---TOP2A_HUMAN,0,1,0,1,0,1,0,0,1,0,1,1,1,1,0,0,1,1,0,0,1,0,0,0,0,1,1,0,1,0,1,0,1,0,1,0,1,0,0,1,0,1,1,1,0,1,1,0,0,1
PLK1_HUMAN---VRK3_HUMAN,0,1,0,1,0,1,0,0,1,0,1,1,1,1,0,0,1,1,0,0,1,0,0,0,0,1,1,0,1,0,1,0,1,0,1,0,1,0,0,1,0,1,1,1,0,1,1,0,0,1
PRR12_HUMAN---PUM1_HUMAN,0,1,0,1,0,1,1,0,1,0,1,1,1,1,0,0,1,1,0,0,1,0,0,0,1,1,1,0,1,0,1,1,1,0,1,1,1,0,0,1,0,1,1,1,0,1,1,0,1,1
PSA3_HUMAN---PSA5_HUMAN,0,1,0,1,0,1,1,0,1,0,1,1,1,1,0,0,1,1,0,0,1,0,0,0,1,1,1,0,1,0,1,1,1,0,1,1,1,0,0,1,0,1,1,1,0,1,1,0,1,1
PUM1_HUMAN---SMAD1_HUMAN,0,1,0,1,0,1,1,1,1,0,1,1,1,1,0,0,1,1,0,1,1,0,0,0,1,1,1,0,1,0,1,1,1,0,1,1,1,0,1,1,0,1,1,1,1,1,1,1,1,1
CSK21_HUMAN---PURB_HUMAN,0,1,0,1,0,1,1,1,1,0,1,1,1,1,0,0,1,1,0,1,1,0,0,0,1,1,1,0,1,0,1,1,1,0,1,1,1,0,1,1,0,1,1,1,1,1,1,1,1,1
GLCI1_HUMAN---Q548N1_HUMAN,0,1,0,1,0,1,0,0,1,0,1,1,1,1,0,0,1,1,0,0,0,0,0,0,0,1,1,0,0,0,1,0,0,0,0,0,1,0,0,1,0,1,1,0,0,1,1,0,0,1
Q548N1_HUMAN---SMN_HUMAN,0,1,0,1,0,1,0,0,1,0,1,1,1,1,0,0,1,1,0,0,0,0,0,0,0,1,1,0,0,0,1,0,0,0,0,0,1,0,0,1,0,1,1,0,0,1,1,0,0,1
RAM_HUMAN---RBMX_HUMAN,0,1,0,1,0,1,0,0,1,0,1,1,1,1,0,0,1,1,0,0,1,0,0,0,0,1,1,0,1,0,1,0,1,0,1,0,1,0,0,1,0,1,1,1,0,1,1,0,0,1
RBM10_HUMAN---SF3A1_HUMAN,0,1,0,1,0,1,1,0,1,0,1,1,1,1,0,0,1,1,0,0,1,0,0,0,1,1,1,0,1,0,1,1,1,0,1,1,1,0,0,1,0,1,1,1,0,1,1,0,1,1
RBM10_HUMAN---SUGP1_HUMAN,0,1,0,1,0,1,1,0,1,0,1,1,1,1,0,0,1,1,0,0,1,0,0,0,1,1,1,0,1,0,1,1,1,0,1,1,1,0,0,1,0,1,1,1,0,1,1,0,1,1
RBM39_HUMAN---SRPK2_HUMAN,0,1,0,1,0,1,0,0,1,0,1,1,1,1,0,0,1,1,0,0,0,0,0,0,0,1,1,0,0,0,1,0,0,0,0,0,1,0,0,1,0,1,1,0,0,1,1,0,0,1
A4D1G0_HUMAN---RB_HUMAN,0,1,0,1,0,1,1,0,1,0,1,1,1,1,0,0,1,1,0,0,1,0,0,0,1,1,1,0,1,0,1,1,1,0,1,1,1,0,0,1,0,1,1,1,0,1,1,0,1,1
ROA2_HUMAN---YBOX1_HUMAN,0,1,0,1,0,1,1,0,1,0,1,1,1,1,0,0,1,1,0,0,1,0,0,0,1,1,1,0,1,0,1,1,1,0,1,1,1,0,0,1,0,1,1,1,0,1,1,0,1,1
RSF1_HUMAN---SMCA5_HUMAN,0,1,0,1,0,1,1,0,1,0,1,1,1,1,0,0,1,1,0,0,1,0,0,0,1,1,1,0,1,0,1,1,1,0,1,1,1,0,0,1,0,1,1,1,0,1,1,0,1,1
RU17_HUMAN---ZRAB2_HUMAN,0,1,0,1,0,1,1,1,1,0,1,1,1,1,0,0,1,1,0,1,1,0,0,0,1,1,1,0,1,0,1,1,1,0,1,1,1,0,1,1,0,1,1,1,1,1,1,1,1,1
OXSR1_HUMAN---SCFD1_HUMAN,0,1,0,1,0,1,1,1,1,0,1,1,1,1,0,0,1,1,0,1,1,0,0,0,1,1,1,0,1,0,1,1,1,0,1,1,1,0,1,1,0,1,1,1,1,1,1,1,1,1
SEPT2_HUMAN---SRRM2_HUMAN,0,1,0,1,0,1,1,0,1,0,1,1,1,1,0,0,1,1,0,0,1,0,0,0,1,1,1,0,1,0,1,1,1,0,1,1,1,0,0,1,0,1,1,1,0,1,1,0,1,1
SIN3A_HUMAN---SMRC1_HUMAN,0,1,0,1,0,1,1,1,1,0,1,1,1,1,0,0,1,1,0,1,1,0,0,0,1,1,1,0,1,0,1,1,1,0,1,1,1,0,1,1,0,1,1,1,1,1,1,1,1,1
SKA1_HUMAN---SKA3_HUMAN,0,1,0,1,0,1,1,0,1,0,1,1,1,1,0,0,1,1,0,0,1,0,0,0,1,1,1,0,1,0,1,1,1,0,1,1,1,0,0,1,0,1,1,1,0,1,1,0,1,1
D0PNI1_HUMAN---SMAG2_HUMAN,0,1,0,1,0,1,1,1,1,0,1,1,1,1,0,0,1,1,0,1,1,0,0,0,1,1,1,0,1,0,1,1,1,0,1,1,1,0,1,1,0,1,1,1,1,1,1,1,1,1
BZW2_HUMAN---SMAP_HUMAN,0,1,0,1,0,1,1,0,1,0,1,1,1,1,0,0,1,1,0,0,1,0,0,0,1,1,1,0,1,0,1,1,1,0,1,1,1,0,0,1,0,1,1,1,0,1,1,0,1,1
SMRC1_HUMAN---SMRD1_HUMAN,0,1,0,1,0,1,0,0,1,0,1,1,1,1,0,0,1,1,0,0,1,0,0,0,0,1,1,0,1,0,1,0,1,0,1,0,1,0,0,1,0,1,1,1,0,1,1,0,0,1
SNTB1_HUMAN---UTRO_HUMAN,0,1,0,1,0,1,1,0,1,0,1,1,1,1,0,0,1,1,0,0,1,0,0,0,1,1,1,0,1,0,1,1,1,0,1,1,1,0,0,1,0,1,1,1,0,1,1,0,1,1
SNUT1_HUMAN---U520_HUMAN,0,1,0,1,0,1,1,0,1,0,1,1,1,1,0,0,1,1,0,0,1,0,0,0,1,1,1,0,1,0,1,1,1,0,1,1,1,0,0,1,0,1,1,1,0,1,1,0,1,1
DIDO1_HUMAN---SON_HUMAN,0,1,0,1,0,1,1,1,1,0,1,1,1,1,0,0,1,1,0,1,1,0,0,0,1,1,1,0,1,0,1,1,1,0,1,1,1,0,1,1,0,1,1,1,1,1,1,1,1,1
SPTB2_HUMAN---SPTN1_HUMAN,0,1,0,1,0,1,1,0,1,0,1,1,1,1,0,0,1,1,0,0,1,0,0,0,1,1,1,0,1,0,1,1,1,0,1,1,1,0,0,1,0,1,1,1,0,1,1,0,1,1
CK052_HUMAN---SRPK1_HUMAN,0,1,0,1,0,1,1,0,1,0,1,1,1,1,0,0,1,1,0,0,1,0,0,0,1,1,1,0,1,0,1,1,1,0,1,1,1,0,0,1,0,1,1,1,0,1,1,0,1,1
RU17_HUMAN---SRPK1_HUMAN,0,1,0,1,0,1,1,0,1,0,1,1,1,1,0,0,1,1,0,0,1,0,0,0,1,1,1,0,1,0,1,1,1,0,1,1,1,0,0,1,0,1,1,1,0,1,1,0,1,1
SNUT1_HUMAN---SRSF4_HUMAN,0,1,0,1,0,1,1,0,1,0,1,1,1,1,0,0,1,1,0,0,1,0,0,0,1,1,1,0,1,0,1,1,1,0,1,1,1,0,0,1,0,1,1,1,0,1,1,0,1,1
CTR9_HUMAN---SSRP1_HUMAN,0,1,0,1,0,1,0,0,1,0,1,1,1,1,0,0,1,1,0,0,1,0,0,0,0,1,1,0,1,0,1,0,1,0,1,0,1,0,0,1,0,1,1,1,0,1,1,0,0,1
GRB2_HUMAN---ST32C_HUMAN,0,1,0,1,0,1,1,1,1,0,1,1,1,1,0,0,1,1,0,1,1,0,0,0,1,1,1,0,1,0,1,1,1,0,1,1,1,0,1,1,0,1,1,1,1,1,1,1,1,1
HS90B_HUMAN---STML2_HUMAN,0,1,0,1,0,1,1,0,1,0,1,1,1,1,0,0,1,1,0,0,1,0,0,0,1,1,1,0,1,0,1,1,1,0,1,1,1,0,0,1,0,1,1,1,0,1,1,0,1,1
STRN4_HUMAN---WIPI2_HUMAN,0,1,0,1,0,1,1,1,1,0,1,1,1,1,0,0,1,1,0,1,1,0,0,0,1,1,1,0,1,0,1,1,1,0,1,1,1,0,1,1,0,1,1,1,1,1,1,1,1,1
CCNK_HUMAN---STX11_HUMAN,0,1,0,1,0,1,0,0,1,0,1,1,1,1,0,0,1,1,0,0,1,0,0,0,0,1,1,0,1,0,1,0,1,0,1,0,1,0,0,1,0,1,1,1,0,1,1,0,0,1
S38A2_HUMAN---STX11_HUMAN,0,1,0,1,0,1,0,0,1,0,1,1,1,1,0,0,1,1,0,0,1,0,0,0,0,1,1,0,1,0,1,0,1,0,1,0,1,0,0,1,0,1,1,1,0,1,1,0,0,1
C170B_HUMAN---SUMO1_HUMAN,0,1,0,1,0,1,1,0,1,0,1,1,1,1,0,0,1,1,0,0,1,0,0,0,1,1,1,0,1,0,1,1,1,0,1,1,1,0,0,1,0,1,1,1,0,1,1,0,1,1
P53_HUMAN---SUMO1_HUMAN,0,1,0,1,0,1,1,0,1,0,1,1,1,1,0,0,1,1,0,0,1,0,0,0,1,1,1,0,1,0,1,1,1,0,1,1,1,0,0,1,0,1,1,1,0,1,1,0,1,1
TB10B_HUMAN---TERA_HUMAN,0,1,0,1,0,1,1,1,1,0,1,1,1,1,0,0,1,1,0,1,1,0,0,0,1,1,1,0,1,0,1,1,1,0,1,1,1,0,1,1,0,1,1,1,1,1,1,1,1,1
KCRB_HUMAN---TBCB_HUMAN,0,1,0,1,0,1,1,1,1,0,1,1,1,1,0,0,1,1,0,1,1,0,0,0,1,1,1,0,1,0,1,1,1,0,1,1,1,0,1,1,0,1,1,1,1,1,1,1,1,1
MEP50_HUMAN---TBCD4_HUMAN,0,1,0,1,0,1,1,0,1,0,1,1,1,1,0,0,1,1,0,0,1,0,0,0,1,1,1,0,1,0,1,1,1,0,1,1,1,0,0,1,0,1,1,1,0,1,1,0,1,1
ETS1_HUMAN---TCAL3_HUMAN,0,1,0,1,0,1,1,1,1,0,1,1,1,1,0,0,1,1,0,1,1,0,0,0,1,1,1,0,1,0,1,1,1,0,1,1,1,0,1,1,0,1,1,1,1,1,1,1,1,1
PCNP_HUMAN---TE2IP_HUMAN,0,1,0,1,0,1,1,1,1,0,1,1,1,1,0,0,1,1,0,1,1,0,0,0,1,1,1,0,1,0,1,1,1,0,1,1,1,0,1,1,0,1,1,1,1,1,1,1,1,1
PP6R3_HUMAN---TE2IP_HUMAN,0,1,0,1,0,1,1,1,1,0,1,1,1,1,0,0,1,1,0,1,1,0,0,0,1,1,1,0,1,0,1,1,1,0,1,1,1,0,1,1,0,1,1,1,1,1,1,1,1,1
NSF1C_HUMAN---TERA_HUMAN,0,1,0,1,0,1,1,1,1,0,1,1,1,1,0,0,1,1,0,1,1,0,0,0,1,1,1,0,1,0,1,1,1,0,1,1,1,0,1,1,0,1,1,1,1,1,1,1,1,1
CLSPN_HUMAN---TIM_HUMAN,0,1,0,1,0,1,1,1,1,0,1,1,1,1,0,0,1,1,0,1,1,0,0,0,1,1,1,0,1,0,1,1,1,0,1,1,1,0,1,1,0,1,1,1,1,1,1,1,1,1
DLG1_HUMAN---TJAP1_HUMAN,0,1,0,1,0,1,1,1,1,0,1,1,1,1,0,0,1,1,0,1,1,0,0,0,1,1,1,0,1,0,1,1,1,0,1,1,1,0,1,1,0,1,1,1,1,1,1,1,1,1
ATF2_HUMAN---TMX1_HUMAN,0,1,0,1,0,1,0,0,1,0,1,1,1,1,0,0,1,1,0,0,1,0,0,0,0,1,1,0,1,0,1,0,1,0,1,0,1,0,0,1,0,1,1,1,0,1,1,0,0,1
MDC1_HUMAN---TOPB1_HUMAN,0,1,0,1,0,1,1,1,1,0,1,1,1,1,0,0,1,1,0,1,1,0,0,0,1,1,1,0,1,0,1,1,1,0,1,1,1,0,1,1,0,1,1,1,1,1,1,1,1,1
TICRR_HUMAN---TOPB1_HUMAN,0,1,0,1,0,1,1,1,1,0,1,1,1,1,0,0,1,1,0,1,1,0,0,0,1,1,1,0,1,0,1,1,1,0,1,1,1,0,1,1,0,1,1,1,1,1,1,1,1,1
TPC11_HUMAN---TPC12_HUMAN,0,1,0,1,0,1,1,0,1,0,1,1,1,1,0,0,1,1,0,0,1,0,0,0,1,1,1,0,1,0,1,1,1,0,1,1,1,0,0,1,0,1,1,1,0,1,1,0,1,1
TRAD1_HUMAN---TRAF6_HUMAN,0,1,0,1,0,1,0,0,1,0,1,1,1,1,0,0,1,1,0,0,1,0,0,0,0,1,1,0,1,0,1,0,1,0,1,0,1,0,0,1,0,1,1,1,0,1,1,0,0,1
KSYK_HUMAN---TRAF6_HUMAN,0,1,0,1,0,1,0,0,1,0,1,1,1,1,0,0,1,1,0,0,1,0,0,0,0,1,1,0,1,0,1,0,1,0,1,0,1,0,0,1,0,1,1,1,0,1,1,0,0,1
KDM1A_HUMAN---TTC33_HUMAN,0,1,0,1,0,1,0,0,1,0,1,1,1,1,0,0,1,1,0,0,0,0,0,0,1,1,1,0,0,0,1,0,0,0,0,0,1,0,0,1,0,1,1,0,0,1,1,0,0,1
TXLNA_HUMAN---XRN2_HUMAN,0,1,0,1,0,1,1,1,1,0,1,1,1,1,0,0,1,1,0,1,1,0,0,0,1,1,1,0,1,0,1,1,1,0,1,1,1,0,1,1,0,1,1,1,1,1,1,1,1,1
TRI18_HUMAN---UB2D2_HUMAN,0,1,0,1,0,1,1,1,1,0,1,1,1,1,0,0,1,1,0,1,1,0,0,0,1,1,1,0,1,0,1,1,1,0,1,1,1,0,1,1,0,1,1,1,1,1,1,1,1,1
HERC2_HUMAN---UBP16_HUMAN,0,1,0,1,0,1,1,0,1,0,1,1,1,1,0,0,1,1,0,0,1,0,0,0,1,1,1,0,1,0,1,1,1,0,1,1,1,0,0,1,0,1,1,1,0,1,1,0,1,1
CSTFT_HUMAN---UBQL1_HUMAN,0,1,0,1,0,1,1,0,1,0,1,1,1,1,0,0,1,1,0,0,1,0,0,0,1,1,1,0,1,0,1,1,1,0,1,1,1,0,0,1,0,1,1,1,0,1,1,0,1,1
HGS_HUMAN---UBQL1_HUMAN,0,1,0,1,0,1,1,0,1,0,1,1,1,1,0,0,1,1,0,0,1,0,0,0,1,1,1,0,1,0,1,1,1,0,1,1,1,0,0,1,0,1,1,1,0,1,1,0,1,1
UNK_HUMAN---ZFY19_HUMAN,0,1,0,1,0,1,1,0,1,0,1,1,1,1,0,0,1,1,0,0,1,0,0,0,1,1,1,0,1,0,1,1,1,0,1,1,1,0,0,1,0,1,1,1,0,1,1,0,1,1
UNK_HUMAN---ZRAB2_HUMAN,0,1,0,1,0,1,1,1,1,0,1,1,1,1,0,0,1,1,0,1,1,0,0,0,1,1,1,0,1,0,1,1,1,0,1,1,1,0,1,1,0,1,1,1,1,1,1,1,1,1
MIPT3_HUMAN---WAC_HUMAN,0,1,0,1,0,1,1,1,1,0,1,1,1,1,0,0,1,1,0,1,1,0,0,0,1,1,1,0,1,0,1,1,1,0,1,1,1,0,1,1,0,1,1,1,1,1,1,1,1,1
SMC3_HUMAN---WAPL_HUMAN,0,1,0,1,0,1,1,1,1,0,1,1,1,1,0,0,1,1,0,1,1,0,0,0,1,1,1,0,1,0,1,1,1,0,1,1,1,0,1,1,0,1,1,1,1,1,1,1,1,1
B4E1U9_HUMAN---WASL_HUMAN,0,1,0,1,0,1,1,1,1,0,1,1,1,1,0,0,1,1,0,1,1,0,0,0,1,1,1,0,1,0,1,1,1,0,1,1,1,0,1,1,0,1,1,1,1,1,1,1,1,1
NADAP_HUMAN---WIPF2_HUMAN,0,1,0,1,0,1,0,0,1,0,1,1,1,1,0,0,1,1,0,0,1,0,0,0,0,1,1,0,1,0,1,0,1,0,1,0,1,0,0,1,0,1,1,1,0,1,1,0,0,1
RUSD2_HUMAN---WRIP1_HUMAN,0,1,0,1,0,1,0,0,1,0,1,1,1,1,0,0,1,1,0,0,1,0,0,0,0,1,1,0,1,0,1,0,1,0,1,0,1,0,0,1,0,1,1,1,0,1,1,0,0,1
TIF1B_HUMAN---WRIP1_HUMAN,0,1,0,1,0,1,0,0,1,0,1,1,1,1,0,0,1,1,0,0,1,0,0,0,0,1,1,0,1,0,1,0,1,0,1,0,1,0,0,1,0,1,1,1,0,1,1,0,0,1
MEPCE_HUMAN---YRDC_HUMAN,0,1,0,1,0,1,1,1,1,0,1,1,1,1,0,0,1,1,0,1,1,0,0,0,1,1,1,0,1,0,1,1,1,0,1,1,1,0,1,1,0,1,1,1,1,1,1,1,1,1
BCOR_HUMAN---ZBT7A_HUMAN,0,1,0,1,0,1,1,1,1,0,1,1,1,1,0,0,1,1,0,1,1,0,0,0,1,1,1,0,1,0,1,1,1,0,1,1,1,0,1,1,0,1,1,1,1,1,1,1,1,1
P53_HUMAN---ZBT7A_HUMAN,0,1,0,1,0,1,1,1,1,0,1,1,1,1,0,0,1,1,0,1,1,0,0,0,1,1,1,0,1,0,1,1,1,0,1,1,1,0,1,1,0,1,1,1,1,1,1,1,1,1
DDX3Y_HUMAN---G4XH65_HUMAN,0,0,1,1,0,1,0,1,0,0,1,0,0,0,1,0,1,0,0,1,0,1,0,0,0,0,1,1,0,0,1,1,0,0,1,0,0,0,0,0,0,1,0,1,0,1,0,0,1,0
DDX54_HUMAN---G4XH65_HUMAN,0,0,1,1,0,1,0,1,0,0,1,0,0,0,1,0,1,0,0,1,0,1,0,0,0,0,1,1,0,0,1,1,0,0,1,0,0,0,0,0,0,1,0,1,0,1,0,0,1,0
ATRX_HUMAN---Z512B_HUMAN,0,0,0,1,0,0,0,0,1,0,1,0,0,0,0,0,0,0,0,0,0,0,0,0,0,1,1,0,0,0,1,0,0,0,0,0,1,0,0,1,0,0,1,0,0,0,0,0,0,1
ADCY6_HUMAN---ATX1_HUMAN,0,0,0,1,0,0,0,0,1,0,1,0,0,0,0,0,0,0,0,0,0,0,0,0,0,1,0,0,0,0,0,0,0,0,0,0,1,0,0,0,0,0,0,0,0,0,0,0,0,0
ATX1_HUMAN---CHIP_HUMAN,0,0,0,1,0,0,0,0,1,0,1,0,0,0,0,0,0,0,0,0,0,0,0,0,0,1,0,0,0,0,0,0,0,0,0,0,1,0,0,0,0,0,0,0,0,0,0,0,0,0
BARD1_HUMAN---TPC11_HUMAN,0,0,0,1,0,0,0,0,1,0,1,1,0,1,0,0,1,0,0,0,0,0,0,0,0,1,1,0,0,0,1,0,0,0,0,0,1,0,0,1,0,1,1,0,0,0,1,0,0,1
ARMX3_HUMAN---BCAR1_HUMAN,0,0,0,1,0,0,0,0,1,0,1,0,0,0,0,0,0,0,0,0,0,0,0,0,0,1,0,0,0,0,0,0,0,0,0,0,1,0,0,0,0,0,0,0,0,0,0,0,0,0
CCD97_HUMAN---SRPK2_HUMAN,0,0,0,1,0,0,0,0,1,0,1,1,0,1,0,0,1,0,0,0,0,0,0,0,0,1,1,0,0,0,1,0,0,0,0,0,1,0,0,1,0,1,1,0,0,0,1,0,0,1
CDK1_HUMAN---UNG_HUMAN,0,0,0,1,0,0,0,0,1,0,1,1,0,1,0,0,1,0,0,0,0,0,0,0,0,1,1,0,0,0,1,0,0,0,0,0,1,0,0,1,0,1,1,0,0,0,1,0,0,1
C2CD5_HUMAN---CDK5_HUMAN,0,0,0,1,0,0,0,0,1,0,1,1,0,1,0,0,1,0,0,0,0,0,0,0,0,1,1,0,0,0,1,0,0,0,0,0,1,0,0,1,0,1,1,0,0,0,1,0,0,1
CAND1_HUMAN---CUL4B_HUMAN,0,0,0,1,0,0,0,0,1,0,1,1,0,1,0,0,1,0,0,0,0,0,0,0,0,1,1,0,0,0,1,0,0,0,0,0,1,0,0,1,0,1,1,0,0,0,1,0,0,1
ESF1_HUMAN---SUMO2_HUMAN,0,0,0,1,0,0,0,0,1,0,1,0,0,0,0,0,0,0,0,0,0,0,0,0,0,1,0,0,0,0,0,0,0,0,0,0,1,0,0,0,0,0,0,0,0,0,0,0,0,0
ATX1_HUMAN---FA21C_HUMAN,0,0,0,1,0,0,0,0,1,0,1,0,0,0,0,0,0,0,0,0,0,0,0,0,0,1,0,0,0,0,0,0,0,0,0,0,1,0,0,0,0,0,0,0,0,0,0,0,0,0
GNL1_HUMAN---RAD21_HUMAN,0,0,0,1,0,0,0,0,1,0,1,0,0,0,0,0,0,0,0,0,0,0,0,0,0,1,0,0,0,0,0,0,0,0,0,0,1,0,0,0,0,0,0,0,0,0,0,0,0,0
ARMX3_HUMAN---GPN1_HUMAN,0,0,0,1,0,0,0,0,1,0,1,0,0,0,0,0,0,0,0,0,0,0,0,0,0,1,0,0,0,0,0,0,0,0,0,0,1,0,0,0,0,0,0,0,0,0,0,0,0,0
HN1_HUMAN---SEPT9_HUMAN,0,0,0,1,0,0,0,0,1,0,1,1,0,1,0,0,1,0,0,0,0,0,0,0,0,1,1,0,0,0,1,0,0,0,0,0,1,0,0,1,0,1,1,0,0,0,1,0,0,1
HS90A_HUMAN---HSF1_HUMAN,0,0,0,1,0,0,0,0,1,0,1,1,0,1,0,0,1,0,0,0,0,0,0,0,0,1,1,0,0,0,1,0,0,0,0,0,1,0,0,1,0,1,1,0,0,0,1,0,0,1
HTSF1_HUMAN---Z512B_HUMAN,0,0,0,1,0,0,0,0,1,0,1,1,0,1,0,0,1,0,0,0,0,0,0,0,0,1,1,0,0,0,1,0,0,0,0,0,1,0,0,1,0,1,1,0,0,0,1,0,0,1
BARD1_HUMAN---LARP1_HUMAN,0,0,0,1,0,0,0,0,1,0,1,1,0,1,0,0,1,0,0,0,0,0,0,0,0,1,1,0,0,0,1,0,0,0,0,0,1,0,0,1,0,1,1,0,0,0,1,0,0,1
LARP4_HUMAN---SUMO2_HUMAN,0,0,0,1,0,0,0,0,1,0,1,0,0,0,0,0,0,0,0,0,0,0,0,0,0,1,1,0,0,0,1,0,0,0,0,0,1,0,0,1,0,0,1,0,0,0,0,0,0,1
CAND1_HUMAN---MCM9_HUMAN,0,0,0,1,0,0,0,0,1,0,1,1,0,1,0,0,1,0,0,0,0,0,0,0,0,1,1,0,0,0,1,0,0,0,0,0,1,0,0,1,0,1,1,0,0,0,1,0,0,1
MDM2_HUMAN---TM87A_HUMAN,0,0,0,1,0,0,0,0,1,0,1,0,0,0,0,0,0,0,0,0,0,0,0,0,0,1,0,0,0,0,0,0,0,0,0,0,1,0,0,0,0,0,0,0,0,0,0,0,0,0
MK01_HUMAN---YBOX3_HUMAN,0,0,0,1,0,0,0,0,1,0,1,1,0,1,0,0,1,0,0,0,0,0,0,0,0,1,1,0,0,0,1,0,0,0,0,0,1,0,0,1,0,1,1,0,0,0,1,0,0,1
CDCA5_HUMAN---MK03_HUMAN,0,0,0,1,0,0,0,0,1,0,1,1,0,1,0,0,1,0,0,0,0,0,0,0,0,1,1,0,0,0,1,0,0,0,0,0,1,0,0,1,0,1,1,0,0,0,1,0,0,1
MMS19_HUMAN---NUP53_HUMAN,0,0,0,1,0,0,0,0,1,0,1,0,0,0,0,0,0,0,0,0,0,0,0,0,0,1,0,0,0,0,0,0,0,0,0,0,1,0,0,0,0,0,0,0,0,0,0,0,0,0
HDAC1_HUMAN---MYC_HUMAN,0,0,0,1,0,0,0,0,1,0,1,1,0,1,0,0,1,0,0,0,0,0,0,0,0,1,1,0,0,0,1,0,0,0,0,0,1,0,0,1,0,1,1,0,0,0,1,0,0,1
MYC_HUMAN---NOL9_HUMAN,0,0,0,1,0,0,0,0,1,0,1,1,0,1,0,0,1,0,0,0,0,0,0,0,0,1,1,0,0,0,1,0,0,0,0,0,1,0,0,1,0,1,1,0,0,0,1,0,0,1
MYH10_HUMAN---Z512B_HUMAN,0,0,0,1,0,0,0,0,1,0,1,1,0,1,0,0,1,0,0,0,0,0,0,0,0,1,1,0,0,0,1,0,0,0,0,0,1,0,0,1,0,1,1,0,0,0,1,0,0,1
ARIP4_HUMAN---PIAS1_HUMAN,0,0,0,1,0,0,0,0,1,0,1,1,0,1,0,0,1,0,0,0,0,0,0,0,0,1,1,0,0,0,1,0,0,0,0,0,1,0,0,1,0,1,1,0,0,0,1,0,0,1
PSA3_HUMAN---PSA7_HUMAN,0,0,0,1,0,0,0,0,1,0,1,0,0,0,0,0,0,0,0,0,0,0,0,0,0,1,1,0,0,0,1,0,0,0,0,0,1,0,0,1,0,0,1,0,0,0,0,0,0,1
PSA7_HUMAN---SAMD1_HUMAN,0,0,0,1,0,0,0,0,1,0,1,0,0,0,0,0,0,0,0,0,0,0,0,0,0,1,1,0,0,0,1,0,0,0,0,0,1,0,0,1,0,0,1,0,0,0,0,0,0,1
LCK_HUMAN---PSRC1_HUMAN,0,0,0,1,0,0,0,0,1,0,1,0,0,0,0,0,0,0,0,0,0,0,0,0,0,1,1,0,0,0,1,0,0,0,0,0,1,0,0,1,0,0,1,0,0,0,0,0,0,1
NUP98_HUMAN---RAE1L_HUMAN,0,0,0,1,0,0,0,0,1,0,1,1,0,1,0,0,1,0,0,0,0,0,0,0,0,1,1,0,0,0,1,0,0,0,0,0,1,0,0,1,0,1,1,0,0,0,1,0,0,1
DDA1_HUMAN---SEPT9_HUMAN,0,0,0,1,0,0,0,0,1,0,1,1,0,1,0,0,1,0,0,0,0,0,0,0,0,1,1,0,0,0,1,0,0,0,0,0,1,0,0,1,0,1,1,0,0,0,1,0,0,1
CDCA5_HUMAN---SMC3_HUMAN,0,0,0,1,0,0,0,0,1,0,1,1,0,1,0,0,1,0,0,0,0,0,0,0,0,1,1,0,0,0,1,0,0,0,0,0,1,0,0,1,0,1,1,0,0,0,1,0,0,1
RAD21_HUMAN---SMC3_HUMAN,0,0,0,1,0,0,0,0,1,0,1,0,0,0,0,0,0,0,0,0,0,0,0,0,0,1,0,0,0,0,0,0,0,0,0,0,1,0,0,0,0,0,0,0,0,0,0,0,0,0
CSK21_HUMAN---WDR55_HUMAN,0,0,0,1,0,0,0,0,1,0,1,0,0,0,0,0,0,0,0,0,0,0,0,0,0,1,1,0,0,0,1,0,0,0,0,0,1,0,0,1,0,0,1,0,0,0,0,0,0,1
RIF1_HUMAN---WDR62_HUMAN,0,0,0,1,0,0,0,0,1,0,1,0,0,0,0,0,0,0,0,0,0,0,0,0,0,1,1,0,0,0,1,0,0,0,0,0,1,0,0,1,0,0,1,0,0,0,0,0,0,1
RAE1L_HUMAN---WDR75_HUMAN,0,0,0,1,0,0,0,0,1,0,1,1,0,1,0,0,1,0,0,0,0,0,0,0,0,1,1,0,0,0,1,0,0,0,0,0,1,0,0,1,0,1,1,0,0,0,1,0,0,1
XRCC6_HUMAN---Z512B_HUMAN,0,0,0,1,0,0,0,0,1,0,1,0,0,0,0,0,0,0,0,0,0,0,0,0,0,1,1,0,0,0,1,0,0,0,0,0,1,0,0,1,0,0,1,0,0,0,0,0,0,1
HAUS6_HUMAN---YBOX3_HUMAN,0,0,0,1,0,0,0,0,1,0,1,1,0,1,0,0,1,0,0,0,0,0,0,0,0,1,1,0,0,0,1,0,0,0,0,0,1,0,0,1,0,1,1,0,0,0,1,0,0,1
MMS19_HUMAN---ZN318_HUMAN,0,0,0,1,0,0,0,0,1,0,1,0,0,0,0,0,0,0,0,0,0,0,0,0,0,1,0,0,0,0,0,0,0,0,0,0,1,0,0,0,0,0,0,0,0,0,0,0,0,0
SCAFB_HUMAN---STAT3_HUMAN,0,0,0,0,0,0,1,1,0,0,0,0,0,0,0,0,0,0,0,1,1,0,0,0,1,0,0,0,1,0,0,1,1,0,1,1,0,0,1,0,0,0,0,1,1,0,0,1,1,0
MCAF1_HUMAN---SENP3_HUMAN,0,0,0,0,0,0,0,1,0,0,0,0,0,0,0,0,0,0,0,1,0,0,0,0,0,0,0,0,0,0,0,0,0,0,0,0,0,0,1,0,0,0,0,0,1,0,0,1,0,0
ACTB_HUMAN---CBL_HUMAN,0,0,0,0,0,0,0,0,0,1,0,0,0,0,0,1,0,0,0,0,0,0,0,0,0,0,0,0,0,1,0,0,0,0,0,0,0,1,0,0,1,0,0,0,0,0,0,0,0,0
CDK1_HUMAN---NUP50_HUMAN,0,0,0,0,0,0,0,0,0,1,0,0,0,0,0,1,0,0,0,0,0,0,0,0,0,0,0,0,0,1,0,0,0,0,0,0,0,1,0,0,1,0,0,0,0,0,0,0,0,0
EPHA3_HUMAN---FYN_HUMAN,0,0,0,0,0,0,0,0,0,1,0,0,0,0,0,1,0,0,0,0,0,0,0,0,0,0,0,0,0,1,0,0,0,0,0,0,0,1,0,0,1,0,0,0,0,0,0,0,0,0
JUN_HUMAN---MK01_HUMAN,0,0,0,0,0,0,0,0,0,1,0,0,0,0,0,0,0,0,0,0,0,0,0,0,0,0,0,0,0,0,0,0,0,0,0,0,0,1,0,0,0,0,0,0,0,0,0,0,0,0
MK03_HUMAN---PAXI_HUMAN,0,0,0,0,0,0,0,0,0,1,0,0,0,0,0,1,0,0,0,0,0,0,0,0,0,0,0,0,0,1,0,0,0,0,0,0,0,1,0,0,1,0,0,0,0,0,0,0,0,0
DDX21_HUMAN---SPB1_HUMAN,0,0,0,0,0,0,0,0,0,1,0,0,0,0,0,0,0,0,0,0,0,0,0,0,0,0,0,0,0,0,0,0,0,0,0,0,0,0,0,0,0,0,0,0,0,0,0,0,0,0
CDK1_HUMAN---TOP2B_HUMAN,0,0,0,0,0,0,0,0,0,1,0,0,0,0,0,1,0,0,0,0,0,0,0,0,0,0,0,0,0,1,0,0,0,0,0,0,0,1,0,0,1,0,0,0,0,0,0,0,0,0
1433B_HUMAN---LSR_HUMAN,0,0,0,0,0,0,0,0,0,0,0,0,0,0,1,0,0,0,1,0,0,1,0,1,0,0,0,0,0,0,0,0,0,1,0,0,0,0,0,0,0,0,0,0,0,0,0,0,0,0
1433G_HUMAN---ANS1A_HUMAN,0,0,0,0,0,0,0,0,0,0,0,0,0,0,1,0,0,0,1,0,0,1,0,1,0,0,0,0,0,0,0,0,0,1,0,0,0,0,0,0,0,0,0,0,0,0,0,0,0,0
ARHG7_HUMAN---PAK1_HUMAN,0,0,0,0,0,0,0,0,0,0,0,0,0,0,1,0,0,0,1,0,0,1,0,1,0,0,0,0,0,0,0,0,0,1,0,0,0,0,0,0,0,0,0,0,0,0,0,0,0,0
CSN5_HUMAN---LRC47_HUMAN,0,0,0,0,0,0,0,0,0,0,0,0,0,0,1,0,0,0,1,0,0,1,0,1,0,0,0,0,0,0,0,0,0,1,0,0,0,0,0,0,0,0,0,0,0,0,0,0,0,0
E9PAU2_HUMAN---SUMO2_HUMAN,0,0,0,0,0,0,0,0,0,0,0,0,0,0,1,0,0,0,1,0,0,1,0,1,0,0,0,0,0,0,0,0,0,1,0,0,0,0,0,0,0,0,0,0,0,0,0,0,0,0
FRIH_HUMAN---GRB2_HUMAN,0,0,0,0,0,0,0,0,0,0,0,0,0,0,1,0,0,0,1,0,0,1,0,1,0,0,0,0,0,0,0,0,0,1,0,0,0,0,0,0,0,0,0,0,0,0,0,0,0,0
G4XH65_HUMAN---LYRIC_HUMAN,0,0,0,0,0,0,0,0,0,0,0,0,0,0,1,0,0,0,0,0,0,1,0,0,0,0,0,0,0,0,0,0,0,0,0,0,0,0,0,0,0,0,0,0,0,0,0,0,0,0
CHD3_HUMAN---GIT1_HUMAN,0,0,0,0,0,0,0,0,0,0,0,0,0,0,1,0,0,0,1,0,0,1,0,1,0,0,0,0,0,0,0,0,0,1,0,0,0,0,0,0,0,0,0,0,0,0,0,0,0,0
1433B_HUMAN---IGF1R_HUMAN,0,0,0,0,0,0,0,0,0,0,0,0,0,0,1,0,0,0,1,0,0,1,0,1,0,0,0,0,0,0,0,0,0,1,0,0,0,0,0,0,0,0,0,0,0,0,0,0,0,0
CSN5_HUMAN---JUN_HUMAN,0,0,0,0,0,0,0,0,0,0,0,0,0,0,1,0,0,0,1,0,0,1,0,1,0,0,0,0,0,0,0,0,0,1,0,0,0,0,0,0,0,0,0,0,0,0,0,0,0,0
LAS1L_HUMAN---PNKP_HUMAN,0,0,0,0,0,0,0,0,0,0,0,0,0,0,1,0,0,0,1,0,0,1,0,1,0,0,0,0,0,0,0,0,0,1,0,0,0,0,0,0,0,0,0,0,0,0,0,0,0,0
DREB_HUMAN---MARCS_HUMAN,0,0,0,0,0,0,0,0,0,0,0,0,0,0,1,0,0,0,1,0,0,1,0,1,0,0,0,0,0,1,0,0,0,1,0,0,0,0,0,0,0,0,0,0,0,0,0,0,0,0
MED12_HUMAN---MED1_HUMAN,0,0,0,0,0,0,0,0,0,0,0,0,0,0,1,0,0,0,1,0,0,1,0,1,0,0,0,0,0,0,0,0,0,1,0,0,0,0,0,0,0,0,0,0,0,0,0,0,0,0
NUCL_HUMAN---PP1B_HUMAN,0,0,0,0,0,0,0,0,0,0,0,0,0,0,1,0,0,0,1,0,0,1,0,1,0,0,0,0,0,0,0,0,0,1,0,0,0,0,0,0,0,0,0,0,0,0,0,0,0,0
NUP50_HUMAN---TOIP1_HUMAN,0,0,0,0,0,0,0,0,0,0,0,0,0,0,1,0,0,0,1,0,0,1,0,1,0,0,0,0,0,0,0,0,0,1,0,0,0,0,0,0,0,0,0,0,0,0,0,0,0,0
IMA3_HUMAN---PARD3_HUMAN,0,0,0,0,0,0,0,0,0,0,0,0,0,0,1,0,0,0,1,0,0,1,0,1,0,0,0,0,0,0,0,0,0,1,0,0,0,0,0,0,0,0,0,0,0,0,0,0,0,0
PIAS1_HUMAN---SGTA_HUMAN,0,0,0,0,0,0,0,0,0,0,0,0,0,0,1,0,0,0,1,0,0,1,0,1,0,0,0,0,0,0,0,0,0,1,0,0,0,0,0,0,0,0,0,0,0,0,0,0,0,0
SGTA_HUMAN---UBL7_HUMAN,0,0,0,0,0,0,0,0,0,0,0,0,0,0,1,0,0,0,1,0,0,1,0,1,0,0,0,0,0,0,0,0,0,1,0,0,0,0,0,0,0,0,0,0,0,0,0,0,0,0
DDX21_HUMAN---SRPK2_HUMAN,0,0,0,0,0,0,0,0,0,0,0,0,0,0,1,0,0,0,1,0,0,1,0,1,0,0,0,0,0,0,0,0,0,1,0,0,0,1,0,0,0,0,0,0,0,0,0,0,0,0
SUV91_HUMAN---WIZ_HUMAN,0,0,0,0,0,0,0,0,0,0,0,0,0,0,1,0,0,0,1,0,0,1,0,1,0,0,0,0,0,0,0,0,0,1,0,0,0,0,0,0,0,0,0,0,0,0,0,0,0,0
SRPK2_HUMAN---TRA2A_HUMAN,0,0,0,0,0,0,0,0,0,0,0,0,0,0,1,0,0,0,1,0,0,1,0,1,0,0,0,0,0,0,0,0,0,1,0,0,0,0,0,0,0,0,0,0,0,0,0,0,0,0
CDCA3_HUMAN---TRAF2_HUMAN,0,0,0,0,0,0,0,0,0,0,0,0,0,0,1,0,0,0,1,0,0,1,0,1,0,0,0,0,0,0,0,0,0,1,0,0,0,0,0,0,0,0,0,0,0,0,0,0,0,0
TEBP_HUMAN---WAP53_HUMAN,0,0,0,0,0,0,0,0,0,0,0,0,0,0,1,0,0,0,1,0,0,1,0,1,0,0,0,0,0,0,0,0,0,1,0,0,0,0,0,0,0,0,0,0,0,0,0,0,0,0
CD2AP_HUMAN---E7ETM7_HUMAN,0,0,0,0,0,0,0,0,0,0,0,0,0,0,0,0,0,0,0,0,0,0,0,0,0,0,0,0,0,0,0,0,0,0,0,0,0,0,0,0,0,0,0,0,0,0,0,1,0,0
