"","V1","V2"
"4ET_HUMAN---MK08_HUMAN",-94.4586763094565,-26.3265235746515
"AAPK1_HUMAN---ACACA_HUMAN",-99.8768614459673,9.58666198624397
"AAPK1_HUMAN---IMA1_HUMAN",67.6658996992695,-7.58295850347717
"ABI1_HUMAN---MK01_HUMAN",-89.7882195645688,-52.4163078772701
"ABL1_HUMAN---CRK_HUMAN",-94.4586763094565,-26.3265235746515
"ABL1_HUMAN---CTNB1_HUMAN",-94.4586763094565,-26.3265235746515
"ACLY_HUMAN---HGS_HUMAN",-99.8768614459673,9.58666198624397
"ACTB_HUMAN---E41L2_HUMAN",-94.4586763094565,-26.3265235746515
"ACTB_HUMAN---KHDR1_HUMAN",-94.4586763094565,-26.3265235746515
"ADDA_HUMAN---ROCK1_HUMAN",-94.4586763094565,-26.3265235746515
"ADNP_HUMAN---PLCG1_HUMAN",-94.4586763094565,-26.3265235746515
"AFAD_HUMAN---DREB_HUMAN",-89.7882195645688,-52.4163078772701
"AFTIN_HUMAN---GGA3_HUMAN",-99.8768614459673,9.58666198624397
"AMOT_HUMAN---FOXK1_HUMAN",-99.8768614459673,9.58666198624397
"AMOT_HUMAN---RHG17_HUMAN",-99.8768614459673,9.58666198624397
"APC_HUMAN---CYTSA_HUMAN",-94.4586763094565,-26.3265235746515
"A4_HUMAN---AR6P6_HUMAN",-94.4586763094565,-26.3265235746515
"ARHG7_HUMAN---SCRIB_HUMAN",-94.4586763094565,-26.3265235746515
"ARHGB_HUMAN---GSK3A_HUMAN",-94.4586763094565,-26.3265235746515
"ARI2_HUMAN---EMAL4_HUMAN",-94.4586763094565,-26.3265235746515
"ARI2_HUMAN---P53_HUMAN",-94.4586763094565,-26.3265235746515
"AT2B1_HUMAN---LAP2_HUMAN",-94.4586763094565,-26.3265235746515
"B2RBV7_HUMAN---OTUL_HUMAN",-99.8768614459673,9.58666198624397
"B2RBV7_HUMAN---VPRBP_HUMAN",-99.8768614459673,9.58666198624397
"BACH_HUMAN---CDK2_HUMAN",-99.8768614459673,9.58666198624397
"BACH_HUMAN---NHLC2_HUMAN",-99.8768614459673,9.58666198624397
"BAG6_HUMAN---SGTA_HUMAN",-99.8768614459673,9.58666198624397
"BAP18_HUMAN---CDK2_HUMAN",-94.4586763094565,-26.3265235746515
"BAZ2A_HUMAN---HDAC1_HUMAN",-94.4586763094565,-26.3265235746515
"ACK1_HUMAN---BCAR1_HUMAN",-94.4586763094565,-26.3265235746515
"BCAR1_HUMAN---ZYX_HUMAN",-94.4586763094565,-26.3265235746515
"BCLF1_HUMAN---SRRM1_HUMAN",-94.4586763094565,-26.3265235746515
"BCS1_HUMAN---DDX24_HUMAN",-99.8768614459673,9.58666198624397
"BMS1_HUMAN---HDGF_HUMAN",-99.8768614459673,9.58666198624397
"B2R4R0_HUMAN---BRD2_HUMAN",-99.8768614459673,9.58666198624397
"CA052_HUMAN---NFKB1_HUMAN",-99.8768614459673,9.58666198624397
"1433T_HUMAN---CBL_HUMAN",-94.4586763094565,-26.3265235746515
"CBL_HUMAN---CD2AP_HUMAN",-94.4586763094565,-26.3265235746515
"CBL_HUMAN---CRKL_HUMAN",-89.7882195645688,-52.4163078772701
"CBL_HUMAN---EGFR_HUMAN",-89.7882195645688,-52.4163078772701
"CBL_HUMAN---EPHA2_HUMAN",-94.4586763094565,-26.3265235746515
"CBL_HUMAN---FYN_HUMAN",-89.7882195645688,-52.4163078772701
"CBL_HUMAN---ITSN1_HUMAN",-94.4586763094565,-26.3265235746515
"CBL_HUMAN---PLCG1_HUMAN",-89.7882195645688,-52.4163078772701
"CBL_HUMAN---SHIP2_HUMAN",-89.7882195645688,-52.4163078772701
"CBL_HUMAN---SPY1_HUMAN",-94.4586763094565,-26.3265235746515
"ACAP2_HUMAN---CBX1_HUMAN",-99.8768614459673,9.58666198624397
"CCD25_HUMAN---SMAD2_HUMAN",-99.8768614459673,9.58666198624397
"AURKB_HUMAN---CCD86_HUMAN",-99.8768614459673,9.58666198624397
"CD2B2_HUMAN---KHDR1_HUMAN",73.0840848357803,-43.4961440643726
"CD2B2_HUMAN---SF01_HUMAN",-94.4586763094565,-26.3265235746515
"CD2B2_HUMAN---SNUT2_HUMAN",-94.4586763094565,-26.3265235746515
"CDCA3_HUMAN---CUL1_HUMAN",-99.8768614459673,9.58666198624397
"BAG6_HUMAN---CDK16_HUMAN",-99.8768614459673,9.58666198624397
"CDK16_HUMAN---KAPCA_HUMAN",-99.8768614459673,9.58666198624397
"41_HUMAN---CDK1_HUMAN",-94.4586763094565,-26.3265235746515
"AHNK_HUMAN---CDK1_HUMAN",-99.8768614459673,9.58666198624397
"APC1_HUMAN---CDK1_HUMAN",-99.8768614459673,9.58666198624397
"BUD13_HUMAN---CDK1_HUMAN",-99.8768614459673,9.58666198624397
"CDK1_HUMAN---DDX3X_HUMAN",-89.7882195645688,-52.4163078772701
"CDK1_HUMAN---DNLI1_HUMAN",-99.8768614459673,9.58666198624397
"CDK1_HUMAN---DNLI3_HUMAN",-94.4586763094565,-26.3265235746515
"CDK1_HUMAN---DNM1L_HUMAN",-94.4586763094565,-26.3265235746515
"CDK1_HUMAN---EF1D_HUMAN",-94.4586763094565,-26.3265235746515
"CDK1_HUMAN---EZH2_HUMAN",-99.8768614459673,9.58666198624397
"CDK1_HUMAN---GUAA_HUMAN",-99.8768614459673,9.58666198624397
"CDK1_HUMAN---KAT7_HUMAN",-99.8768614459673,9.58666198624397
"CDK1_HUMAN---KI67_HUMAN",-94.4586763094565,-26.3265235746515
"CDK1_HUMAN---LAP2A_HUMAN",-99.8768614459673,9.58666198624397
"CDK1_HUMAN---NPM_HUMAN",-89.7882195645688,-52.4163078772701
"CDK1_HUMAN---NSF1C_HUMAN",-94.4586763094565,-26.3265235746515
"CDK1_HUMAN---NUCKS_HUMAN",-89.7882195645688,-52.4163078772701
"CDK1_HUMAN---NUP98_HUMAN",-94.4586763094565,-26.3265235746515
"CDK1_HUMAN---PALLD_HUMAN",-99.8768614459673,9.58666198624397
"CDK1_HUMAN---PDS5B_HUMAN",-13.68348585794,-74.2308780809197
"CDK1_HUMAN---PTN2_HUMAN",-94.4586763094565,-26.3265235746515
"CDK1_HUMAN---PUR6_HUMAN",-94.4586763094565,-26.3265235746515
"CDK1_HUMAN---RBP2_HUMAN",-94.4586763094565,-26.3265235746515
"CDK1_HUMAN---RFC1_HUMAN",-99.8768614459673,9.58666198624397
"CDK1_HUMAN---SRRM2_HUMAN",-93.6248634492708,-31.739351135109
"CDK1_HUMAN---STMN1_HUMAN",-94.4586763094565,-26.3265235746515
"CDK1_HUMAN---TCOF_HUMAN",-94.4586763094565,-26.3265235746515
"CDK1_HUMAN---TFPT_HUMAN",-99.8768614459673,9.58666198624397
"CDK5_HUMAN---P53_HUMAN",-94.4586763094565,-26.3265235746515
"CDKL5_HUMAN---FYN_HUMAN",-99.8768614459673,9.58666198624397
"CEBPZ_HUMAN---PEBB_HUMAN",-94.4586763094565,-26.3265235746515
"CFDP1_HUMAN---SMAD3_HUMAN",-94.4586763094565,-26.3265235746515
"CFTR_HUMAN---NHRF1_HUMAN",-94.4586763094565,-26.3265235746515
"B2L13_HUMAN---CH60_HUMAN",-99.8768614459673,9.58666198624397
"CH10_HUMAN---CH60_HUMAN",-99.8768614459673,9.58666198624397
"CHD3_HUMAN---PAIRB_HUMAN",-94.4586763094565,-26.3265235746515
"CHD3_HUMAN---TIF1B_HUMAN",-99.8768614459673,9.58666198624397
"CHIP_HUMAN---HS90A_HUMAN",-94.4586763094565,-26.3265235746515
"CHIP_HUMAN---P53_HUMAN",-94.4586763094565,-26.3265235746515
"1433G_HUMAN---CLAP1_HUMAN",-94.4586763094565,-26.3265235746515
"CLSPN_HUMAN---HERC2_HUMAN",-99.8768614459673,9.58666198624397
"ARHG5_HUMAN---CRKL_HUMAN",-89.7882195645688,-52.4163078772701
"BCAR1_HUMAN---CRKL_HUMAN",-89.7882195645688,-52.4163078772701
"ABCF1_HUMAN---CSK21_HUMAN",-94.4586763094565,-26.3265235746515
"CALM_HUMAN---CSK21_HUMAN",-99.8768614459673,9.58666198624397
"CPSF7_HUMAN---CSK21_HUMAN",-99.8768614459673,9.58666198624397
"CSK21_HUMAN---RPRD2_HUMAN",-94.4586763094565,-26.3265235746515
"CSK21_HUMAN---VAMP4_HUMAN",-94.4586763094565,-26.3265235746515
"CSN6_HUMAN---MA7D1_HUMAN",-99.8768614459673,9.58666198624397
"CSN6_HUMAN---VPRBP_HUMAN",-99.8768614459673,9.58666198624397
"AP3D1_HUMAN---CTNB1_HUMAN",-94.4586763094565,-26.3265235746515
"APC_HUMAN---CTNB1_HUMAN",-94.4586763094565,-26.3265235746515
"CTNB1_HUMAN---LAP2_HUMAN",-94.4586763094565,-26.3265235746515
"CTND1_HUMAN---FYN_HUMAN",-94.4586763094565,-26.3265235746515
"CUL4B_HUMAN---HS90A_HUMAN",-99.8768614459673,9.58666198624397
"CUL4B_HUMAN---VPRBP_HUMAN",-99.8768614459673,9.58666198624397
"DDA1_HUMAN---VPRBP_HUMAN",-99.8768614459673,9.58666198624397
"DDX21_HUMAN---JUN_HUMAN",-92.4252329048951,-36.2612295713333
"DDX24_HUMAN---HS90B_HUMAN",-99.8768614459673,9.58666198624397
"DDX24_HUMAN---SPTN1_HUMAN",-99.8768614459673,9.58666198624397
"DDX3X_HUMAN---EIF3B_HUMAN",-94.4586763094565,-26.3265235746515
"DDX3X_HUMAN---IF4G1_HUMAN",-94.4586763094565,-26.3265235746515
"DDX46_HUMAN---SRPK2_HUMAN",-94.4586763094565,-26.3265235746515
"DDX46_HUMAN---SRS11_HUMAN",-99.8768614459673,9.58666198624397
"CEBPZ_HUMAN---DDX55_HUMAN",-94.4586763094565,-26.3265235746515
"DDX55_HUMAN---NOC2L_HUMAN",-94.4586763094565,-26.3265235746515
"DNMT1_HUMAN---SIR1_HUMAN",-94.4586763094565,-26.3265235746515
"DOCK1_HUMAN---FYN_HUMAN",-93.6248634492708,-31.739351135109
"DYR1B_HUMAN---MK01_HUMAN",-94.4586763094565,-26.3265235746515
"DYR1B_HUMAN---SF3B1_HUMAN",-94.4586763094565,-26.3265235746515
"CH10_HUMAN---EF1A1_HUMAN",-94.4586763094565,-26.3265235746515
"EF1A1_HUMAN---PLCG1_HUMAN",-89.7882195645688,-52.4163078772701
"EFNB2_HUMAN---EPHA3_HUMAN",-94.4586763094565,-26.3265235746515
"AKA12_HUMAN---EGFR_HUMAN",-94.4586763094565,-26.3265235746515
"ANS1A_HUMAN---EGFR_HUMAN",-94.4586763094565,-26.3265235746515
"BIG3_HUMAN---EGFR_HUMAN",-99.8768614459673,9.58666198624397
"CBLB_HUMAN---EGFR_HUMAN",-89.7882195645688,-52.4163078772701
"EGFR_HUMAN---EPN1_HUMAN",-94.4586763094565,-26.3265235746515
"EGFR_HUMAN---FAK1_HUMAN",-89.7882195645688,-52.4163078772701
"EGFR_HUMAN---HGS_HUMAN",-89.7882195645688,-52.4163078772701
"EGFR_HUMAN---HS90A_HUMAN",-94.4586763094565,-26.3265235746515
"EGFR_HUMAN---TELO2_HUMAN",-89.7882195645688,-52.4163078772701
"EGFR_HUMAN---TM1L1_HUMAN",-94.4586763094565,-26.3265235746515
"EGFR_HUMAN---UBP8_HUMAN",-99.8768614459673,9.58666198624397
"EGFR_HUMAN---EGF_HUMAN",-89.7882195645688,-52.4163078772701
"EGLN1_HUMAN---HIF1A_HUMAN",-94.4586763094565,-26.3265235746515
"EIF3B_HUMAN---EIF3G_HUMAN",-99.8768614459673,9.58666198624397
"EGFR_HUMAN---ENPL_HUMAN",-94.4586763094565,-26.3265235746515
"EP15R_HUMAN---EPN1_HUMAN",-99.8768614459673,9.58666198624397
"AFAD_HUMAN---EPHA7_HUMAN",-89.7882195645688,-52.4163078772701
"EPHA2_HUMAN---EPHA7_HUMAN",-94.4586763094565,-26.3265235746515
"EPHA3_HUMAN---EPHA7_HUMAN",-89.7882195645688,-52.4163078772701
"EPN1_HUMAN---EPS15_HUMAN",-94.4586763094565,-26.3265235746515
"F208A_HUMAN---TM1L1_HUMAN",-94.4586763094565,-26.3265235746515
"FA21A_HUMAN---ROCK1_HUMAN",-99.8768614459673,9.58666198624397
"FA53C_HUMAN---WNK1_HUMAN",-94.4586763094565,-26.3265235746515
"FACD2_HUMAN---MRE11_HUMAN",-94.4586763094565,-26.3265235746515
"FACD2_HUMAN---WDR48_HUMAN",-94.4586763094565,-26.3265235746515
"FAK1_HUMAN---FGR_HUMAN",-94.4586763094565,-26.3265235746515
"FAK1_HUMAN---PAXI_HUMAN",-89.7882195645688,-52.4163078772701
"FAK1_HUMAN---ROCK1_HUMAN",-94.4586763094565,-26.3265235746515
"CUL1_HUMAN---FBX4_HUMAN",-99.8768614459673,9.58666198624397
"FBX4_HUMAN---P53_HUMAN",-99.8768614459673,9.58666198624397
"FKB15_HUMAN---SP1_HUMAN",-99.8768614459673,9.58666198624397
"FNBP4_HUMAN---KHDR1_HUMAN",-94.4586763094565,-26.3265235746515
"FRIH_HUMAN---IMA1_HUMAN",-99.8768614459673,9.58666198624397
"FRIH_HUMAN---OPTN_HUMAN",-94.4586763094565,-26.3265235746515
"CPSF5_HUMAN---FUND2_HUMAN",-94.4586763094565,-26.3265235746515
"A4_HUMAN---FYN_HUMAN",-94.4586763094565,-26.3265235746515
"ATX2L_HUMAN---G3BP1_HUMAN",-94.4586763094565,-26.3265235746515
"EDC4_HUMAN---G3BP1_HUMAN",-99.8768614459673,9.58666198624397
"G3BP1_HUMAN---LCK_HUMAN",-94.4586763094565,-26.3265235746515
"G3BP1_HUMAN---RL14_HUMAN",-94.4586763094565,-26.3265235746515
"G3BP1_HUMAN---UBP10_HUMAN",-94.4586763094565,-26.3265235746515
"GAB1_HUMAN---PTN11_HUMAN",-89.7882195645688,-52.4163078772701
"GGA3_HUMAN---HGS_HUMAN",-94.4586763094565,-26.3265235746515
"ARHG7_HUMAN---GIT1_HUMAN",-94.4586763094565,-26.3265235746515
"GPN1_HUMAN---TCOF_HUMAN",-71.582130171431,-49.8360528546836
"CBL_HUMAN---GRB2_HUMAN",-89.7882195645688,-52.4163078772701
"DAB2_HUMAN---GRB2_HUMAN",-99.8768614459673,9.58666198624397
"DOCK4_HUMAN---GRB2_HUMAN",-94.4586763094565,-26.3265235746515
"GAREM_HUMAN---GRB2_HUMAN",-89.7882195645688,-52.4163078772701
"GIT1_HUMAN---GRB2_HUMAN",-94.4586763094565,-26.3265235746515
"GRB2_HUMAN---IRS4_HUMAN",-89.7882195645688,-52.4163078772701
"GRB2_HUMAN---PTN11_HUMAN",-89.7882195645688,-52.4163078772701
"GRB2_HUMAN---PTN18_HUMAN",-94.4586763094565,-26.3265235746515
"GRB2_HUMAN---PTPRA_HUMAN",-99.8768614459673,9.58666198624397
"GRB2_HUMAN---RBM33_HUMAN",-94.4586763094565,-26.3265235746515
"GRB2_HUMAN---SH24A_HUMAN",-99.8768614459673,9.58666198624397
"GRB2_HUMAN---SHC1_HUMAN",-89.7882195645688,-52.4163078772701
"GRB2_HUMAN---WIPF2_HUMAN",-94.4586763094565,-26.3265235746515
"CTNB1_HUMAN---GSK3A_HUMAN",-94.4586763094565,-26.3265235746515
"H1X_HUMAN---HDGF_HUMAN",-99.8768614459673,9.58666198624397
"H31T_HUMAN---HS90A_HUMAN",-99.8768614459673,9.58666198624397
"CFTR_HUMAN---HACD3_HUMAN",-94.4586763094565,-26.3265235746515
"CHD4_HUMAN---HDAC1_HUMAN",-94.4586763094565,-26.3265235746515
"CTNB1_HUMAN---HDAC1_HUMAN",-94.4586763094565,-26.3265235746515
"DNMT1_HUMAN---HDAC1_HUMAN",-94.4586763094565,-26.3265235746515
"H2AY_HUMAN---HDAC1_HUMAN",-94.4586763094565,-26.3265235746515
"HDAC1_HUMAN---HDAC2_HUMAN",-94.4586763094565,-26.3265235746515
"HDAC1_HUMAN---HDAC9_HUMAN",-94.4586763094565,-26.3265235746515
"HDAC1_HUMAN---NFKB1_HUMAN",-99.8768614459673,9.58666198624397
"HDAC1_HUMAN---P53_HUMAN",-94.4586763094565,-26.3265235746515
"HDAC1_HUMAN---SP1_HUMAN",-99.8768614459673,9.58666198624397
"HDAC1_HUMAN---SUV91_HUMAN",-94.4586763094565,-26.3265235746515
"HDAC2_HUMAN---RCOR1_HUMAN",-99.8768614459673,9.58666198624397
"1433G_HUMAN---HDAC4_HUMAN",-99.8768614459673,9.58666198624397
"HDAC4_HUMAN---MARK2_HUMAN",-99.8768614459673,9.58666198624397
"HDAC4_HUMAN---MK01_HUMAN",-99.8768614459673,9.58666198624397
"DBNL_HUMAN---HERC2_HUMAN",-99.8768614459673,9.58666198624397
"HEXI2_HUMAN---MEPCE_HUMAN",-99.8768614459673,9.58666198624397
"HIF1A_HUMAN---HS90A_HUMAN",-94.4586763094565,-26.3265235746515
"HIPK2_HUMAN---P53_HUMAN",-94.4586763094565,-26.3265235746515
"HIPK3_HUMAN---ZYX_HUMAN",-94.4586763094565,-26.3265235746515
"HNRH1_HUMAN---SRRM2_HUMAN",85.8934750685637,21.0997974752495
"HNRL1_HUMAN---SF01_HUMAN",-94.4586763094565,-26.3265235746515
"HNRPK_HUMAN---KHDR1_HUMAN",-94.4586763094565,-26.3265235746515
"HNRPK_HUMAN---RBMX_HUMAN",-99.8768614459673,9.58666198624397
"HNRPU_HUMAN---PLCG1_HUMAN",-94.4586763094565,-26.3265235746515
"HOIL1_HUMAN---RNF31_HUMAN",-94.4586763094565,-26.3265235746515
"HS90A_HUMAN---TEBP_HUMAN",-94.4586763094565,-26.3265235746515
"BBX_HUMAN---HS90B_HUMAN",-99.8768614459673,9.58666198624397
"DYRK4_HUMAN---HS90B_HUMAN",-94.4586763094565,-26.3265235746515
"HS90A_HUMAN---HS90B_HUMAN",-94.4586763094565,-26.3265235746515
"HTSF1_HUMAN---SRSF4_HUMAN",-43.5040600348959,-65.7084819803409
"HUWE1_HUMAN---P53_HUMAN",-94.4586763094565,-26.3265235746515
"I2BP2_HUMAN---IRF2_HUMAN",-94.4586763094565,-26.3265235746515
"BAG6_HUMAN---ICK_HUMAN",-99.8768614459673,9.58666198624397
"ICLN_HUMAN---MEP50_HUMAN",-94.4586763094565,-26.3265235746515
"ICLN_HUMAN---PDIA6_HUMAN",-94.4586763094565,-26.3265235746515
"ICLN_HUMAN---PDLI1_HUMAN",-94.4586763094565,-26.3265235746515
"HDGF_HUMAN---IF2P_HUMAN",-99.8768614459673,9.58666198624397
"IF4B_HUMAN---KS6A1_HUMAN",-94.4586763094565,-26.3265235746515
"IF4B_HUMAN---OSBP1_HUMAN",91.3116602050745,-14.813388085646
"IMA3_HUMAN---P53_HUMAN",-94.4586763094565,-26.3265235746515
"I2BP1_HUMAN---IRF2_HUMAN",-94.4586763094565,-26.3265235746515
"ITSN1_HUMAN---WASL_HUMAN",-94.4586763094565,-26.3265235746515
"ITSN2_HUMAN---MCRS1_HUMAN",-94.4586763094565,-26.3265235746515
"IWS1_HUMAN---WDR48_HUMAN",-94.4586763094565,-26.3265235746515
"BACH2_HUMAN---JUN_HUMAN",-99.8768614459673,9.58666198624397
"HDGF_HUMAN---JUN_HUMAN",-94.4586763094565,-26.3265235746515
"IMA1_HUMAN---JUN_HUMAN",-99.8768614459673,9.58666198624397
"JUN_HUMAN---MK08_HUMAN",-94.4586763094565,-26.3265235746515
"JUN_HUMAN---MK09_HUMAN",-94.4586763094565,-26.3265235746515
"JUN_HUMAN---PRC2A_HUMAN",-99.8768614459673,9.58666198624397
"JUN_HUMAN---RB_HUMAN",-94.4586763094565,-26.3265235746515
"JUN_HUMAN---SMAD3_HUMAN",-94.4586763094565,-26.3265235746515
"JUN_HUMAN---STRN4_HUMAN",-94.4586763094565,-26.3265235746515
"AKA11_HUMAN---KAP2_HUMAN",-99.8768614459673,9.58666198624397
"AKA12_HUMAN---KAP2_HUMAN",-94.4586763094565,-26.3265235746515
"AKAP1_HUMAN---KAP2_HUMAN",-94.4586763094565,-26.3265235746515
"AKAP2_HUMAN---KAP2_HUMAN",-94.4586763094565,-26.3265235746515
"HDAC9_HUMAN---KCC1A_HUMAN",-94.4586763094565,-26.3265235746515
"KHDR1_HUMAN---LCK_HUMAN",-94.4586763094565,-26.3265235746515
"KHDR1_HUMAN---PLCG1_HUMAN",-94.4586763094565,-26.3265235746515
"KI67_HUMAN---KIF15_HUMAN",-99.8768614459673,9.58666198624397
"KIF4A_HUMAN---SUMO2_HUMAN",-94.4586763094565,-26.3265235746515
"IMA1_HUMAN---KLC4_HUMAN",-99.8768614459673,9.58666198624397
"CTNB1_HUMAN---KMT2D_HUMAN",-99.8768614459673,9.58666198624397
"KPRA_HUMAN---MK01_HUMAN",-94.4586763094565,-26.3265235746515
"BAD_HUMAN---KS6A1_HUMAN",-99.8768614459673,9.58666198624397
"KS6A1_HUMAN---MK01_HUMAN",-94.4586763094565,-26.3265235746515
"KS6A1_HUMAN---PDCD4_HUMAN",-99.8768614459673,9.58666198624397
"KS6A1_HUMAN---RANB3_HUMAN",-99.8768614459673,9.58666198624397
"KS6A1_HUMAN---YBOX1_HUMAN",-94.4586763094565,-26.3265235746515
"KS6A1_HUMAN---ZN318_HUMAN",-94.4586763094565,-26.3265235746515
"HS90B_HUMAN---KSR1_HUMAN",-99.8768614459673,9.58666198624397
"LAP2B_HUMAN---RB_HUMAN",-94.4586763094565,-26.3265235746515
"CUL4B_HUMAN---LARP1_HUMAN",-19.1016709944508,-38.3176925200242
"LAS1L_HUMAN---PELP1_HUMAN",-99.8768614459673,9.58666198624397
"CCD50_HUMAN---LCK_HUMAN",-94.4586763094565,-26.3265235746515
"LHX4_HUMAN---RFC1_HUMAN",-99.8768614459673,9.58666198624397
"LHX4_HUMAN---RRP36_HUMAN",-99.8768614459673,9.58666198624397
"LMNB2_HUMAN---SVIL_HUMAN",-99.8768614459673,9.58666198624397
"AURKB_HUMAN---LMO7_HUMAN",-99.8768614459673,9.58666198624397
"LRC47_HUMAN---PSA1_HUMAN",85.8934750685637,21.0997974752495
"1433G_HUMAN---LSR_HUMAN",-99.8768614459673,9.58666198624397
"CRKL_HUMAN---M4K5_HUMAN",-89.7882195645688,-52.4163078772701
"MA7D3_HUMAN---TRM7_HUMAN",-99.8768614459673,9.58666198624397
"EF1A1_HUMAN---MAGD2_HUMAN",-99.8768614459673,9.58666198624397
"MAGG1_HUMAN---TIF1B_HUMAN",-99.8768614459673,9.58666198624397
"EF1D_HUMAN---MAP1B_HUMAN",-94.4586763094565,-26.3265235746515
"MARCS_HUMAN---ROCK1_HUMAN",-99.8768614459673,9.58666198624397
"MARK2_HUMAN---PARD3_HUMAN",-94.4586763094565,-26.3265235746515
"MBB1A_HUMAN---NOP2_HUMAN",-94.4586763094565,-26.3265235746515
"MBB1A_HUMAN---P53_HUMAN",-94.4586763094565,-26.3265235746515
"CDC7_HUMAN---MCM2_HUMAN",-99.8768614459673,9.58666198624397
"KAT7_HUMAN---MCM2_HUMAN",-99.8768614459673,9.58666198624397
"MCM2_HUMAN---SSRP1_HUMAN",-99.8768614459673,9.58666198624397
"DEP1B_HUMAN---MDC1_HUMAN",-94.4586763094565,-26.3265235746515
"MDC1_HUMAN---RAD50_HUMAN",-94.4586763094565,-26.3265235746515
"MDC1_HUMAN---TP53B_HUMAN",-94.4586763094565,-26.3265235746515
"MDM2_HUMAN---P53_HUMAN",-99.8768614459673,9.58666198624397
"MDN1_HUMAN---TRM7_HUMAN",-90.5901266822012,5.1417962473233
"MED12_HUMAN---MED13_HUMAN",-99.8768614459673,9.58666198624397
"MED13_HUMAN---MED1_HUMAN",-99.8768614459673,9.58666198624397
"MED1_HUMAN---MK01_HUMAN",-94.4586763094565,-26.3265235746515
"MEP50_HUMAN---SF01_HUMAN",-94.4586763094565,-26.3265235746515
"ABI2_HUMAN---MIPT3_HUMAN",-94.4586763094565,-26.3265235746515
"ACTB_HUMAN---MIPT3_HUMAN",-94.4586763094565,-26.3265235746515
"AT1A1_HUMAN---MK01_HUMAN",-94.4586763094565,-26.3265235746515
"ICK_HUMAN---MK01_HUMAN",-94.4586763094565,-26.3265235746515
"MK01_HUMAN---P53_HUMAN",-94.4586763094565,-26.3265235746515
"ABI1_HUMAN---MK03_HUMAN",-89.7882195645688,-52.4163078772701
"CALX_HUMAN---MK03_HUMAN",-94.4586763094565,-26.3265235746515
"MK03_HUMAN---MKL1_HUMAN",-94.4586763094565,-26.3265235746515
"MK03_HUMAN---NUP50_HUMAN",-89.7882195645688,-52.4163078772701
"MK03_HUMAN---SMAD2_HUMAN",-99.8768614459673,9.58666198624397
"1433Z_HUMAN---MK08_HUMAN",-94.4586763094565,-26.3265235746515
"MK09_HUMAN---MP2K7_HUMAN",-99.8768614459673,9.58666198624397
"MK09_HUMAN---STAT3_HUMAN",-94.4586763094565,-26.3265235746515
"FUBP1_HUMAN---MK14_HUMAN",-94.4586763094565,-26.3265235746515
"MK14_HUMAN---P53_HUMAN",-94.4586763094565,-26.3265235746515
"MK14_HUMAN---STK39_HUMAN",91.3116602050745,-14.813388085646
"MKX_HUMAN---SIN3A_HUMAN",-94.4586763094565,-26.3265235746515
"GGA3_HUMAN---MPRI_HUMAN",-94.4586763094565,-26.3265235746515
"MPZL1_HUMAN---PTN11_HUMAN",-94.4586763094565,-26.3265235746515
"MRE11_HUMAN---RAD50_HUMAN",-94.4586763094565,-26.3265235746515
"41_HUMAN---MYH10_HUMAN",-13.68348585794,-74.2308780809197
"DAB2_HUMAN---MYO6_HUMAN",-99.8768614459673,9.58666198624397
"AKA10_HUMAN---NHRF1_HUMAN",85.8934750685637,21.0997974752495
"NHRF1_HUMAN---PHAG1_HUMAN",-94.4586763094565,-26.3265235746515
"NHRF1_HUMAN---RHG17_HUMAN",-99.8768614459673,9.58666198624397
"NHRF1_HUMAN---YAP1_HUMAN",-94.4586763094565,-26.3265235746515
"DREB_HUMAN---NIPBL_HUMAN",-99.8768614459673,9.58666198624397
"NKAP_HUMAN---PPIG_HUMAN",-94.4586763094565,-26.3265235746515
"NP1L1_HUMAN---OSBP1_HUMAN",-94.4586763094565,-26.3265235746515
"HJURP_HUMAN---NPM_HUMAN",-99.8768614459673,9.58666198624397
"NPM_HUMAN---P53_HUMAN",-94.4586763094565,-26.3265235746515
"NPM_HUMAN---SENP3_HUMAN",-94.4586763094565,-26.3265235746515
"NSF1C_HUMAN---SRP14_HUMAN",-94.4586763094565,-26.3265235746515
"FUBP1_HUMAN---NSUN2_HUMAN",-99.8768614459673,9.58666198624397
"LA_HUMAN---NUCL_HUMAN",-94.4586763094565,-26.3265235746515
"NPM_HUMAN---NUCL_HUMAN",-89.7882195645688,-52.4163078772701
"NUCL_HUMAN---NUP62_HUMAN",-94.4586763094565,-26.3265235746515
"AURKB_HUMAN---P53_HUMAN",-99.8768614459673,9.58666198624397
"CEBPZ_HUMAN---P53_HUMAN",-94.4586763094565,-26.3265235746515
"BAD_HUMAN---PAK1_HUMAN",85.8934750685637,21.0997974752495
"1433T_HUMAN---PANK2_HUMAN",-94.4586763094565,-26.3265235746515
"NOVA1_HUMAN---PCBP1_HUMAN",-99.8768614459673,9.58666198624397
"PCBP1_HUMAN---PPIG_HUMAN",-94.4586763094565,-26.3265235746515
"PCBP1_HUMAN---ZN830_HUMAN",-99.8768614459673,9.58666198624397
"ABI2_HUMAN---PCM1_HUMAN",-99.8768614459673,9.58666198624397
"AZI1_HUMAN---PCM1_HUMAN",-99.8768614459673,9.58666198624397
"PDS5A_HUMAN---SMC3_HUMAN",-94.4586763094565,-26.3265235746515
"PDS5B_HUMAN---SMC3_HUMAN",-94.4586763094565,-26.3265235746515
"MDN1_HUMAN---PELP1_HUMAN",-99.8768614459673,9.58666198624397
"PELP1_HUMAN---SENP3_HUMAN",-99.8768614459673,9.58666198624397
"CALX_HUMAN---PGRC1_HUMAN",-94.4586763094565,-26.3265235746515
"CUL4B_HUMAN---PHIP_HUMAN",-99.8768614459673,9.58666198624397
"PI4KA_HUMAN---STRN4_HUMAN",-94.4586763094565,-26.3265235746515
"P53_HUMAN---PIAS1_HUMAN",-94.4586763094565,-26.3265235746515
"PIAS1_HUMAN---SUMO2_HUMAN",-94.4586763094565,-26.3265235746515
"PININ_HUMAN---SRSF4_HUMAN",-94.4586763094565,-26.3265235746515
"DESP_HUMAN---PKP4_HUMAN",-94.4586763094565,-26.3265235746515
"LAP2_HUMAN---PKP4_HUMAN",-94.4586763094565,-26.3265235746515
"LYRIC_HUMAN---PLEC_HUMAN",-99.8768614459673,9.58666198624397
"KAPCA_HUMAN---PLSL_HUMAN",-99.8768614459673,9.58666198624397
"PNKP_HUMAN---SUV91_HUMAN",-94.4586763094565,-26.3265235746515
"MDC1_HUMAN---POGZ_HUMAN",-99.8768614459673,9.58666198624397
"DLG3_HUMAN---PP1A_HUMAN",-94.4586763094565,-26.3265235746515
"FARP1_HUMAN---PP1A_HUMAN",-99.8768614459673,9.58666198624397
"PP1A_HUMAN---RB_HUMAN",-94.4586763094565,-26.3265235746515
"PP1A_HUMAN---ZFY16_HUMAN",-94.4586763094565,-26.3265235746515
"DENR_HUMAN---PP1B_HUMAN",-94.4586763094565,-26.3265235746515
"PP1B_HUMAN---TIF1B_HUMAN",-99.8768614459673,9.58666198624397
"AURKB_HUMAN---PPHLN_HUMAN",-99.8768614459673,9.58666198624397
"PININ_HUMAN---PPIG_HUMAN",-94.4586763094565,-26.3265235746515
"FYN_HUMAN---PPR3D_HUMAN",-94.4586763094565,-26.3265235746515
"MDM2_HUMAN---PRC2C_HUMAN",-99.8768614459673,9.58666198624397
"PININ_HUMAN---PRP4B_HUMAN",-94.4586763094565,-26.3265235746515
"CHIP_HUMAN---PSA3_HUMAN",-99.8768614459673,9.58666198624397
"PSA1_HUMAN---PSA3_HUMAN",85.8934750685637,21.0997974752495
"CDC7_HUMAN---PSIP1_HUMAN",-99.8768614459673,9.58666198624397
"PSA3_HUMAN---PSMD1_HUMAN",-99.8768614459673,9.58666198624397
"P53_HUMAN---PSME3_HUMAN",-94.4586763094565,-26.3265235746515
"Q6FIE9_HUMAN---TM1L1_HUMAN",-94.4586763094565,-26.3265235746515
"RBM34_HUMAN---WDHD1_HUMAN",-94.4586763094565,-26.3265235746515
"MEP50_HUMAN---RBM5_HUMAN",-99.8768614459673,9.58666198624397
"CDK2_HUMAN---RB_HUMAN",-94.4586763094565,-26.3265235746515
"HDAC1_HUMAN---RB_HUMAN",-94.4586763094565,-26.3265235746515
"REC8_HUMAN---SMC3_HUMAN",-98.8165427600185,2.47510984136485
"RECQ4_HUMAN---TE2IP_HUMAN",-99.8768614459673,9.58666198624397
"RGPA1_HUMAN---TFE2_HUMAN",-99.8768614459673,9.58666198624397
"CUL4B_HUMAN---RL15_HUMAN",-99.8768614459673,9.58666198624397
"HDGF_HUMAN---RL1D1_HUMAN",-94.4586763094565,-26.3265235746515
"HDGF_HUMAN---RL35A_HUMAN",-99.8768614459673,9.58666198624397
"CPSF5_HUMAN---RLA1_HUMAN",-94.4586763094565,-26.3265235746515
"RLA1_HUMAN---SMAP_HUMAN",-99.8768614459673,9.58666198624397
"EGFR_HUMAN---RN213_HUMAN",-94.4586763094565,-26.3265235746515
"MCRS1_HUMAN---RN213_HUMAN",-94.4586763094565,-26.3265235746515
"HDAC2_HUMAN---RREB1_HUMAN",-94.4586763094565,-26.3265235746515
"HGS_HUMAN---SCAM3_HUMAN",-94.4586763094565,-26.3265235746515
"SCFD1_HUMAN---VINC_HUMAN",91.3116602050745,-14.813388085646
"SCRIB_HUMAN---ZO2_HUMAN",-94.4586763094565,-26.3265235746515
"MEPCE_HUMAN---SDE2_HUMAN",-99.8768614459673,9.58666198624397
"SF3A1_HUMAN---SF3A3_HUMAN",-99.8768614459673,9.58666198624397
"HS90B_HUMAN---SG223_HUMAN",-94.4586763094565,-26.3265235746515
"DBNL_HUMAN---SH24A_HUMAN",-99.8768614459673,9.58666198624397
"IGF1R_HUMAN---SHC1_HUMAN",-89.7882195645688,-52.4163078772701
"HDAC1_HUMAN---SIN3A_HUMAN",-94.4586763094565,-26.3265235746515
"DDX3Y_HUMAN---SMAD2_HUMAN",-21.5317239803508,29.4310952019981
"SMAP_HUMAN---TRA2A_HUMAN",-99.8768614459673,9.58666198624397
"MCMBP_HUMAN---SMC3_HUMAN",-94.4586763094565,-26.3265235746515
"CHD4_HUMAN---SMCA4_HUMAN",-94.4586763094565,-26.3265235746515
"HNRPU_HUMAN---SMN_HUMAN",-99.8768614459673,9.58666198624397
"SMN_HUMAN---WAP53_HUMAN",-99.8768614459673,9.58666198624397
"SMRCD_HUMAN---TIF1B_HUMAN",-99.8768614459673,9.58666198624397
"SMRCD_HUMAN---WIZ_HUMAN",-94.4586763094565,-26.3265235746515
"NOP2_HUMAN---SPB1_HUMAN",-94.4586763094565,-26.3265235746515
"PALLD_HUMAN---SPN90_HUMAN",-99.8768614459673,9.58666198624397
"HDGF_HUMAN---SRP72_HUMAN",-99.8768614459673,9.58666198624397
"KI21A_HUMAN---SRP72_HUMAN",-99.8768614459673,9.58666198624397
"MEPCE_HUMAN---SRP72_HUMAN",-99.8768614459673,9.58666198624397
"ACINU_HUMAN---SRPK2_HUMAN",-93.4350003095312,-31.3781998191603
"HIRP3_HUMAN---SRPK2_HUMAN",-94.4586763094565,-26.3265235746515
"HNRPC_HUMAN---SRPK2_HUMAN",-94.4586763094565,-26.3265235746515
"MMTA2_HUMAN---SRPK2_HUMAN",-99.8768614459673,9.58666198624397
"NELFE_HUMAN---SRPK2_HUMAN",-94.4586763094565,-26.3265235746515
"PR38A_HUMAN---SRPK2_HUMAN",-99.8768614459673,9.58666198624397
"RBM15_HUMAN---SRPK2_HUMAN",-99.8768614459673,9.58666198624397
"RU17_HUMAN---SRPK2_HUMAN",-94.4586763094565,-26.3265235746515
"CDK12_HUMAN---SRRM2_HUMAN",-99.8768614459673,9.58666198624397
"PININ_HUMAN---SRRM2_HUMAN",-94.4586763094565,-26.3265235746515
"PLEC_HUMAN---SRRM2_HUMAN",-99.8768614459673,9.58666198624397
"RBM8A_HUMAN---SRRM2_HUMAN",-94.4586763094565,-26.3265235746515
"SRRM1_HUMAN---SRRM2_HUMAN",-94.4586763094565,-26.3265235746515
"SON_HUMAN---SRS11_HUMAN",85.8934750685637,21.0997974752495
"SRSF4_HUMAN---SRSF6_HUMAN",-94.4586763094565,-26.3265235746515
"CRKL_HUMAN---STA5A_HUMAN",-89.7882195645688,-52.4163078772701
"HGS_HUMAN---STAM2_HUMAN",-89.7882195645688,-52.4163078772701
"SF3A3_HUMAN---STAM2_HUMAN",-99.8768614459673,9.58666198624397
"HS90A_HUMAN---STIP1_HUMAN",-94.4586763094565,-26.3265235746515
"STK39_HUMAN---WNK1_HUMAN",-94.4586763094565,-26.3265235746515
"ELF2_HUMAN---SUMO2_HUMAN",-94.4586763094565,-26.3265235746515
"I2BP1_HUMAN---SUMO2_HUMAN",-94.4586763094565,-26.3265235746515
"SUMO2_HUMAN---Z280C_HUMAN",-94.4586763094565,-26.3265235746515
"SUMO2_HUMAN---ZKSC1_HUMAN",-94.4586763094565,-26.3265235746515
"KIF4A_HUMAN---SVIL_HUMAN",91.3116602050745,-14.813388085646
"ABLM1_HUMAN---T22D4_HUMAN",-94.4586763094565,-26.3265235746515
"CCNK_HUMAN---T22D4_HUMAN",-94.4586763094565,-26.3265235746515
"NRBP_HUMAN---T22D4_HUMAN",-94.4586763094565,-26.3265235746515
"PCBP1_HUMAN---T22D4_HUMAN",-94.4586763094565,-26.3265235746515
"JUN_HUMAN---T2FA_HUMAN",-99.8768614459673,9.58666198624397
"MARK2_HUMAN---TAOK1_HUMAN",-94.4586763094565,-26.3265235746515
"CDK2_HUMAN---TB182_HUMAN",-99.8768614459673,9.58666198624397
"HS90A_HUMAN---TBA1A_HUMAN",-94.4586763094565,-26.3265235746515
"PAK1_HUMAN---TBCB_HUMAN",91.3116602050745,-14.813388085646
"TCP4_HUMAN---TF3C1_HUMAN",-94.4586763094565,-26.3265235746515
"RAD50_HUMAN---TE2IP_HUMAN",-99.8768614459673,9.58666198624397
"TE2IP_HUMAN---TOIP1_HUMAN",-99.8768614459673,9.58666198624397
"CRKL_HUMAN---TENC1_HUMAN",-94.4586763094565,-26.3265235746515
"E9PAU2_HUMAN---TERF2_HUMAN",-99.8768614459673,9.58666198624397
"TE2IP_HUMAN---TERF2_HUMAN",-99.8768614459673,9.58666198624397
"PR38A_HUMAN---TF3C1_HUMAN",-99.8768614459673,9.58666198624397
"RB_HUMAN---TF3C1_HUMAN",-94.4586763094565,-26.3265235746515
"TF3C1_HUMAN---TF3C4_HUMAN",-99.8768614459673,9.58666198624397
"MK01_HUMAN---TFE2_HUMAN",-99.8768614459673,9.58666198624397
"SUMO2_HUMAN---TFP11_HUMAN",-94.4586763094565,-26.3265235746515
"ARP8_HUMAN---TFPT_HUMAN",-99.8768614459673,9.58666198624397
"CBX1_HUMAN---TIF1B_HUMAN",-99.8768614459673,9.58666198624397
"P53_HUMAN---TIF1B_HUMAN",-99.8768614459673,9.58666198624397
"Q6FIE9_HUMAN---TM1L2_HUMAN",-94.4586763094565,-26.3265235746515
"ANXA2_HUMAN---TNIK_HUMAN",-94.4586763094565,-26.3265235746515
"CTNB1_HUMAN---TNIK_HUMAN",-94.4586763094565,-26.3265235746515
"TNIK_HUMAN---TRAF2_HUMAN",-94.4586763094565,-26.3265235746515
"HDAC1_HUMAN---TOP2B_HUMAN",-94.4586763094565,-26.3265235746515
"B2R4R0_HUMAN---TP53B_HUMAN",-99.8768614459673,9.58666198624397
"P53_HUMAN---TP53B_HUMAN",-94.4586763094565,-26.3265235746515
"NUP98_HUMAN---TPR_HUMAN",-94.4586763094565,-26.3265235746515
"RBM8A_HUMAN---TR150_HUMAN",-99.8768614459673,9.58666198624397
"CYTSB_HUMAN---TRAF2_HUMAN",-94.4586763094565,-26.3265235746515
"RNF31_HUMAN---TRI25_HUMAN",-94.4586763094565,-26.3265235746515
"SNUT2_HUMAN---TRI25_HUMAN",-94.4586763094565,-26.3265235746515
"CD2B2_HUMAN---U520_HUMAN",-94.4586763094565,-26.3265235746515
"CHIP_HUMAN---UBE2N_HUMAN",-99.8768614459673,9.58666198624397
"UBE2N_HUMAN---ZNRF2_HUMAN",-99.8768614459673,9.58666198624397
"PNKP_HUMAN---UBE2O_HUMAN",-94.4586763094565,-26.3265235746515
"BAG6_HUMAN---UBL7_HUMAN",-99.8768614459673,9.58666198624397
"FOXK1_HUMAN---UBP24_HUMAN",-99.8768614459673,9.58666198624397
"ABI2_HUMAN---VINC_HUMAN",-94.4586763094565,-26.3265235746515
"DDX54_HUMAN---WDHD1_HUMAN",-94.4586763094565,-26.3265235746515
"NMD3_HUMAN---WDHD1_HUMAN",-99.8768614459673,9.58666198624397
"SPB1_HUMAN---WDHD1_HUMAN",-18.2878331392155,8.00436046161551
"WDR48_HUMAN---WDR70_HUMAN",-94.4586763094565,-26.3265235746515
"CSK21_HUMAN---XRCC1_HUMAN",-94.4586763094565,-26.3265235746515
"PNKP_HUMAN---XRCC1_HUMAN",-94.4586763094565,-26.3265235746515
"PGAM1_HUMAN---XRCC6_HUMAN",-94.4586763094565,-26.3265235746515
"PO2F1_HUMAN---XRCC6_HUMAN",-94.4586763094565,-26.3265235746515
"RLA1_HUMAN---XRCC6_HUMAN",-94.4586763094565,-26.3265235746515
"RRAS2_HUMAN---XRCC6_HUMAN",-94.4586763094565,-26.3265235746515
"SIR1_HUMAN---XRCC6_HUMAN",-94.4586763094565,-26.3265235746515
"EF1A1_HUMAN---XRN2_HUMAN",-94.4586763094565,-26.3265235746515
"CTNB1_HUMAN---YAP1_HUMAN",-94.4586763094565,-26.3265235746515
"WIZ_HUMAN---ZC3H4_HUMAN",-99.8768614459673,9.58666198624397
"SMRCD_HUMAN---ZCH18_HUMAN",-94.4586763094565,-26.3265235746515
"SUMO2_HUMAN---ZMYM4_HUMAN",-99.8768614459673,9.58666198624397
"HDAC1_HUMAN---ZN609_HUMAN",-94.4586763094565,-26.3265235746515
"1433G_HUMAN---ZN638_HUMAN",-99.8768614459673,9.58666198624397
"TERF2_HUMAN---ZN703_HUMAN",-99.8768614459673,9.58666198624397
"AFAD_HUMAN---ZO1_HUMAN",-94.4586763094565,-26.3265235746515
"1433T_HUMAN---CRTC2_HUMAN",-77.8145838233565,69.7563656991806
"AAPK1_HUMAN---TBCD1_HUMAN",-96.0421591926508,41.073609720454
"ACTB_HUMAN---COF1_HUMAN",-48.3506587620667,88.5159724338172
"ACTB_HUMAN---PRSR2_HUMAN",-77.8145838233565,69.7563656991806
"AKA12_HUMAN---DC1L1_HUMAN",-96.0421591926508,41.073609720454
"AR6P4_HUMAN---SRPK2_HUMAN",-96.0421591926508,41.073609720454
"ARHG7_HUMAN---NAA10_HUMAN",-48.3506587620667,88.5159724338172
"ASPM_HUMAN---KS6A1_HUMAN",-18.6778246503894,98.0289672880696
"AT133_HUMAN---MD2L1_HUMAN",-96.0421591926508,41.073609720454
"ATRX_HUMAN---EZH2_HUMAN",-45.0875429180902,1.69165131476461
"ATX2L_HUMAN---OXSR1_HUMAN",-96.0421591926508,41.073609720454
"AURKB_HUMAN---SKA1_HUMAN",-77.8145838233565,69.7563656991806
"B2R4R0_HUMAN---NSD1_HUMAN",-96.0421591926508,41.073609720454
"B2R9N9_HUMAN---GRM1A_HUMAN",-96.0421591926508,41.073609720454
"B2R9N9_HUMAN---MYD88_HUMAN",-96.0421591926508,41.073609720454
"B4DJ51_HUMAN---STRN3_HUMAN",-96.0421591926508,41.073609720454
"BAD_HUMAN---D0PNI1_HUMAN",-96.0421591926508,41.073609720454
"ARPC3_HUMAN---BAG6_HUMAN",-48.3506587620667,88.5159724338172
"BARD1_HUMAN---DHX57_HUMAN",-77.8145838233565,69.7563656991806
"BARD1_HUMAN---P53_HUMAN",-77.8145838233565,69.7563656991806
"BARD1_HUMAN---SCAFB_HUMAN",-18.6778246503894,98.0289672880696
"BARD1_HUMAN---TBCD1_HUMAN",-77.8145838233565,69.7563656991806
"BAZ1B_HUMAN---CAF1B_HUMAN",-18.6778246503894,98.0289672880696
"BAZ1B_HUMAN---SMCA5_HUMAN",-77.8145838233565,69.7563656991806
"BAZ1B_HUMAN---TOP2B_HUMAN",-96.0421591926508,41.073609720454
"BCOR_HUMAN---KDM2B_HUMAN",-96.0421591926508,41.073609720454
"B4E1U9_HUMAN---BORG1_HUMAN",-96.0421591926508,41.073609720454
"BRD3_HUMAN---SRPK2_HUMAN",-18.6778246503894,98.0289672880696
"C1QBP_HUMAN---PRC2A_HUMAN",-96.0421591926508,41.073609720454
"CADH1_HUMAN---CTNB1_HUMAN",-77.8145838233565,69.7563656991806
"CBL_HUMAN---MYH9_HUMAN",-96.0421591926508,41.073609720454
"CCDC6_HUMAN---E7ETM7_HUMAN",-18.6778246503894,98.0289672880696
"CCNL2_HUMAN---DYR1A_HUMAN",-96.0421591926508,41.073609720454
"CDC20_HUMAN---MD2L1_HUMAN",-96.0421591926508,41.073609720454
"C1QBP_HUMAN---CDK13_HUMAN",-96.0421591926508,41.073609720454
"CDK1_HUMAN---DLG1_HUMAN",-96.0421591926508,41.073609720454
"CDK1_HUMAN---NUMA1_HUMAN",-96.0421591926508,41.073609720454
"CDK1_HUMAN---P3C2A_HUMAN",-96.0421591926508,41.073609720454
"CDK1_HUMAN---PKN2_HUMAN",-77.8145838233565,69.7563656991806
"CDK1_HUMAN---UBP2L_HUMAN",-96.0421591926508,41.073609720454
"CDK2_HUMAN---NUFP2_HUMAN",-77.8145838233565,69.7563656991806
"CHIP_HUMAN---SMAD1_HUMAN",-96.0421591926508,41.073609720454
"CHIP_HUMAN---UB2D2_HUMAN",-96.0421591926508,41.073609720454
"A4D1G0_HUMAN---CLASR_HUMAN",-77.8145838233565,69.7563656991806
"CSK21_HUMAN---MGMT_HUMAN",-96.0421591926508,41.073609720454
"CTNB1_HUMAN---IF2B1_HUMAN",4.05354376047615,100.249087358426
"DC1L1_HUMAN---DC1L2_HUMAN",-77.8145838233565,69.7563656991806
"DCAF8_HUMAN---SUV91_HUMAN",-48.3506587620667,88.5159724338172
"DDA1_HUMAN---PWP1_HUMAN",-96.0421591926508,41.073609720454
"DDX41_HUMAN---NKAP_HUMAN",-77.8145838233565,69.7563656991806
"DDX42_HUMAN---MEPCE_HUMAN",-96.0421591926508,41.073609720454
"DESP_HUMAN---PKP2_HUMAN",-48.3506587620667,88.5159724338172
"DIDO1_HUMAN---HNRPK_HUMAN",-96.0421591926508,41.073609720454
"DKC1_HUMAN---WDR48_HUMAN",-24.4623619527375,94.4561110963322
"DYR1A_HUMAN---SF3B1_HUMAN",-96.0421591926508,41.073609720454
"E7ETM7_HUMAN---PTSS2_HUMAN",-21.5932569971977,93.1057236287248
"EDC3_HUMAN---EDC4_HUMAN",-96.0421591926508,41.073609720454
"EF1A1_HUMAN---EF1B_HUMAN",-96.0421591926508,41.073609720454
"B4DJ51_HUMAN---EGFR_HUMAN",-96.0421591926508,41.073609720454
"EGFR_HUMAN---GSTP1_HUMAN",-48.3506587620667,88.5159724338172
"AAGAB_HUMAN---EIF3C_HUMAN",-96.0421591926508,41.073609720454
"EIF3B_HUMAN---EIF3C_HUMAN",-96.0421591926508,41.073609720454
"ERF_HUMAN---MK01_HUMAN",-77.8145838233565,69.7563656991806
"EYA4_HUMAN---SMRD1_HUMAN",-48.3506587620667,88.5159724338172
"F122B_HUMAN---WDR48_HUMAN",-77.8145838233565,69.7563656991806
"CHD3_HUMAN---F134A_HUMAN",-18.6778246503894,98.0289672880696
"FAK1_HUMAN---NASP_HUMAN",-96.0421591926508,41.073609720454
"FIP1_HUMAN---SRC_HUMAN",-48.3506587620667,88.5159724338172
"FUBP2_HUMAN---HNRH1_HUMAN",-48.3506587620667,88.5159724338172
"CAV1_HUMAN---FYN_HUMAN",-48.3506587620667,88.5159724338172
"DHX29_HUMAN---G4XH65_HUMAN",-42.8895346288625,85.8768220684196
"G4XH65_HUMAN---HS90A_HUMAN",-50.220640053533,46.0659448304562
"GSTP1_HUMAN---SFR19_HUMAN",-48.3506587620667,88.5159724338172
"CDK1_HUMAN---H14_HUMAN",-77.8145838233565,69.7563656991806
"CSK21_HUMAN---HAP28_HUMAN",-96.0421591926508,41.073609720454
"CCDC6_HUMAN---HDAC1_HUMAN",-18.6778246503894,98.0289672880696
"HDAC1_HUMAN---KDM1A_HUMAN",-24.3200727335655,94.6230822038137
"HDAC1_HUMAN---MTG8_HUMAN",-48.3506587620667,88.5159724338172
"HDAC1_HUMAN---NCOR2_HUMAN",-77.8145838233565,69.7563656991806
"HDAC1_HUMAN---P66B_HUMAN",-77.8145838233565,69.7563656991806
"HDAC1_HUMAN---TOP2A_HUMAN",-96.0421591926508,41.073609720454
"1433E_HUMAN---HDAC4_HUMAN",-96.0421591926508,41.073609720454
"CG050_HUMAN---HDGF_HUMAN",-18.6778246503894,98.0289672880696
"HNRH1_HUMAN---ROA2_HUMAN",-77.8145838233565,69.7563656991806
"HNRPK_HUMAN---SRC_HUMAN",-48.3506587620667,88.5159724338172
"HS90B_HUMAN---LAR4B_HUMAN",-48.3506587620667,88.5159724338172
"IF2B1_HUMAN---TRM7_HUMAN",80.4414425581141,57.0316109483801
"HN1_HUMAN---IMA1_HUMAN",-15.2669687411343,-6.83074478581419
"INADL_HUMAN---MPP5_HUMAN",-77.8145838233565,69.7563656991806
"CTNB1_HUMAN---IQGA1_HUMAN",-48.3506587620667,88.5159724338172
"IQGA1_HUMAN---PODXL_HUMAN",-48.3506587620667,88.5159724338172
"ATF2_HUMAN---JUN_HUMAN",-48.3506587620667,88.5159724338172
"ETS1_HUMAN---JUN_HUMAN",-96.0421591926508,41.073609720454
"CAAP1_HUMAN---KAT7_HUMAN",-77.8145838233565,69.7563656991806
"KCD12_HUMAN---OSBP1_HUMAN",-96.0421591926508,41.073609720454
"KCRB_HUMAN---MIPT3_HUMAN",-96.0421591926508,41.073609720454
"HDAC2_HUMAN---KDM5C_HUMAN",-18.6778246503894,98.0289672880696
"KLC4_HUMAN---LR16A_HUMAN",-96.0421591926508,41.073609720454
"1433E_HUMAN---KPRB_HUMAN",-96.0421591926508,41.073609720454
"KPRB_HUMAN---LRC47_HUMAN",-96.0421591926508,41.073609720454
"BRAP_HUMAN---KSR1_HUMAN",-77.8145838233565,69.7563656991806
"KSYK_HUMAN---LCK_HUMAN",-96.0421591926508,41.073609720454
"CADH1_HUMAN---LIMA1_HUMAN",-77.8145838233565,69.7563656991806
"LNX1_HUMAN---S6A15_HUMAN",-48.3506587620667,88.5159724338172
"LNX1_HUMAN---T22D4_HUMAN",-48.3506587620667,88.5159724338172
"M3K3_HUMAN---MARK2_HUMAN",-48.3506587620667,88.5159724338172
"M3K3_HUMAN---SC16A_HUMAN",-48.3506587620667,88.5159724338172
"MARK2_HUMAN---UTRO_HUMAN",-77.8145838233565,69.7563656991806
"MBD1_HUMAN---MCAF1_HUMAN",-77.8145838233565,69.7563656991806
"MBD1_HUMAN---SUV91_HUMAN",-77.8145838233565,69.7563656991806
"MCM2_HUMAN---MCM6_HUMAN",-77.8145838233565,69.7563656991806
"MCM6_HUMAN---SCNM1_HUMAN",-77.8145838233565,69.7563656991806
"CDC20_HUMAN---MDC1_HUMAN",-96.0421591926508,41.073609720454
"CHAP1_HUMAN---MDC1_HUMAN",-94.9870721617394,33.9724221795426
"MDC1_HUMAN---UIMC1_HUMAN",-96.0421591926508,41.073609720454
"MED12_HUMAN---MED8_HUMAN",-77.8145838233565,69.7563656991806
"MFAP1_HUMAN---SNUT1_HUMAN",-77.8145838233565,69.7563656991806
"MK09_HUMAN---WDR62_HUMAN",-77.8145838233565,69.7563656991806
"MK13_HUMAN---STMN1_HUMAN",-48.3506587620667,88.5159724338172
"JIP4_HUMAN---MK14_HUMAN",-96.0421591926508,41.073609720454
"ML12A_HUMAN---TP53B_HUMAN",-18.6778246503894,98.0289672880696
"AMOT_HUMAN---MPP5_HUMAN",-77.8145838233565,69.7563656991806
"CBLB_HUMAN---MYD88_HUMAN",-96.0421591926508,41.073609720454
"AKA10_HUMAN---MYH9_HUMAN",-96.0421591926508,41.073609720454
"MYH9_HUMAN---SVIL_HUMAN",-96.0421591926508,41.073609720454
"CDK1_HUMAN---NIPA_HUMAN",-96.0421591926508,41.073609720454
"EIF3G_HUMAN---ODPA_HUMAN",-48.3506587620667,88.5159724338172
"OSBP1_HUMAN---ZRAB2_HUMAN",-96.0421591926508,41.073609720454
"MTG8_HUMAN---OTUD4_HUMAN",-48.3506587620667,88.5159724338172
"ARPC3_HUMAN---OTUD5_HUMAN",-48.3506587620667,88.5159724338172
"OXSR1_HUMAN---WNK1_HUMAN",-96.0421591926508,41.073609720454
"P53_HUMAN---TPC11_HUMAN",2.96060662815998,21.8520111929124
"P53_HUMAN---ZN148_HUMAN",-96.0421591926508,41.073609720454
"PAK4_HUMAN---PAXI_HUMAN",-77.8145838233565,69.7563656991806
"PLK1_HUMAN---TOP2A_HUMAN",-48.3506587620667,88.5159724338172
"PLK1_HUMAN---VRK3_HUMAN",-48.3506587620667,88.5159724338172
"PRR12_HUMAN---PUM1_HUMAN",-77.8145838233565,69.7563656991806
"PSA3_HUMAN---PSA5_HUMAN",-77.8145838233565,69.7563656991806
"PUM1_HUMAN---SMAD1_HUMAN",-96.0421591926508,41.073609720454
"CSK21_HUMAN---PURB_HUMAN",-96.0421591926508,41.073609720454
"GLCI1_HUMAN---Q548N1_HUMAN",-18.6778246503894,98.0289672880696
"Q548N1_HUMAN---SMN_HUMAN",-18.6778246503894,98.0289672880696
"RAM_HUMAN---RBMX_HUMAN",-48.3506587620667,88.5159724338172
"RBM10_HUMAN---SF3A1_HUMAN",-77.8145838233565,69.7563656991806
"RBM10_HUMAN---SUGP1_HUMAN",-77.8145838233565,69.7563656991806
"RBM39_HUMAN---SRPK2_HUMAN",-18.6778246503894,98.0289672880696
"A4D1G0_HUMAN---RB_HUMAN",-77.8145838233565,69.7563656991806
"ROA2_HUMAN---YBOX1_HUMAN",-77.8145838233565,69.7563656991806
"RSF1_HUMAN---SMCA5_HUMAN",-77.8145838233565,69.7563656991806
"RU17_HUMAN---ZRAB2_HUMAN",-96.0421591926508,41.073609720454
"OXSR1_HUMAN---SCFD1_HUMAN",-96.0421591926508,41.073609720454
"SEPT2_HUMAN---SRRM2_HUMAN",-77.8145838233565,69.7563656991806
"SIN3A_HUMAN---SMRC1_HUMAN",-96.0421591926508,41.073609720454
"SKA1_HUMAN---SKA3_HUMAN",-77.8145838233565,69.7563656991806
"D0PNI1_HUMAN---SMAG2_HUMAN",-96.0421591926508,41.073609720454
"BZW2_HUMAN---SMAP_HUMAN",-77.8145838233565,69.7563656991806
"SMRC1_HUMAN---SMRD1_HUMAN",-48.3506587620667,88.5159724338172
"SNTB1_HUMAN---UTRO_HUMAN",-77.8145838233565,69.7563656991806
"SNUT1_HUMAN---U520_HUMAN",-77.8145838233565,69.7563656991806
"DIDO1_HUMAN---SON_HUMAN",-96.0421591926508,41.073609720454
"SPTB2_HUMAN---SPTN1_HUMAN",-77.8145838233565,69.7563656991806
"CK052_HUMAN---SRPK1_HUMAN",-77.8145838233565,69.7563656991806
"RU17_HUMAN---SRPK1_HUMAN",-77.8145838233565,69.7563656991806
"SNUT1_HUMAN---SRSF4_HUMAN",-77.8145838233565,69.7563656991806
"CTR9_HUMAN---SSRP1_HUMAN",-48.3506587620667,88.5159724338172
"GRB2_HUMAN---ST32C_HUMAN",-96.0421591926508,41.073609720454
"HS90B_HUMAN---STML2_HUMAN",-77.8145838233565,69.7563656991806
"STRN4_HUMAN---WIPI2_HUMAN",-96.0421591926508,41.073609720454
"CCNK_HUMAN---STX11_HUMAN",-48.3506587620667,88.5159724338172
"S38A2_HUMAN---STX11_HUMAN",-48.3506587620667,88.5159724338172
"C170B_HUMAN---SUMO1_HUMAN",-77.8145838233565,69.7563656991806
"P53_HUMAN---SUMO1_HUMAN",-77.8145838233565,69.7563656991806
"TB10B_HUMAN---TERA_HUMAN",-96.0421591926508,41.073609720454
"KCRB_HUMAN---TBCB_HUMAN",-96.0421591926508,41.073609720454
"MEP50_HUMAN---TBCD4_HUMAN",-77.8145838233565,69.7563656991806
"ETS1_HUMAN---TCAL3_HUMAN",-96.0421591926508,41.073609720454
"PCNP_HUMAN---TE2IP_HUMAN",-96.0421591926508,41.073609720454
"PP6R3_HUMAN---TE2IP_HUMAN",-96.0421591926508,41.073609720454
"NSF1C_HUMAN---TERA_HUMAN",-96.0421591926508,41.073609720454
"CLSPN_HUMAN---TIM_HUMAN",-96.0421591926508,41.073609720454
"DLG1_HUMAN---TJAP1_HUMAN",-96.0421591926508,41.073609720454
"ATF2_HUMAN---TMX1_HUMAN",-48.3506587620667,88.5159724338172
"MDC1_HUMAN---TOPB1_HUMAN",-96.0421591926508,41.073609720454
"TICRR_HUMAN---TOPB1_HUMAN",-96.0421591926508,41.073609720454
"TPC11_HUMAN---TPC12_HUMAN",-77.8145838233565,69.7563656991806
"TRAD1_HUMAN---TRAF6_HUMAN",-48.3506587620667,88.5159724338172
"KSYK_HUMAN---TRAF6_HUMAN",-48.3506587620667,88.5159724338172
"KDM1A_HUMAN---TTC33_HUMAN",-24.3200727335655,94.6230822038137
"TXLNA_HUMAN---XRN2_HUMAN",-96.0421591926508,41.073609720454
"TRI18_HUMAN---UB2D2_HUMAN",-96.0421591926508,41.073609720454
"HERC2_HUMAN---UBP16_HUMAN",-77.8145838233565,69.7563656991806
"CSTFT_HUMAN---UBQL1_HUMAN",-77.8145838233565,69.7563656991806
"HGS_HUMAN---UBQL1_HUMAN",-77.8145838233565,69.7563656991806
"UNK_HUMAN---ZFY19_HUMAN",-77.8145838233565,69.7563656991806
"UNK_HUMAN---ZRAB2_HUMAN",-96.0421591926508,41.073609720454
"MIPT3_HUMAN---WAC_HUMAN",-96.0421591926508,41.073609720454
"SMC3_HUMAN---WAPL_HUMAN",-96.0421591926508,41.073609720454
"B4E1U9_HUMAN---WASL_HUMAN",-96.0421591926508,41.073609720454
"NADAP_HUMAN---WIPF2_HUMAN",-48.3506587620667,88.5159724338172
"RUSD2_HUMAN---WRIP1_HUMAN",-48.3506587620667,88.5159724338172
"TIF1B_HUMAN---WRIP1_HUMAN",-48.3506587620667,88.5159724338172
"MEPCE_HUMAN---YRDC_HUMAN",-96.0421591926508,41.073609720454
"BCOR_HUMAN---ZBT7A_HUMAN",-96.0421591926508,41.073609720454
"P53_HUMAN---ZBT7A_HUMAN",-96.0421591926508,41.073609720454
"DDX3Y_HUMAN---G4XH65_HUMAN",13.5573341516392,18.2558611731925
"DDX54_HUMAN---G4XH65_HUMAN",13.5573341516392,18.2558611731925
"ATRX_HUMAN---Z512B_HUMAN",38.7735610473196,91.9687036151488
"ADCY6_HUMAN---ATX1_HUMAN",66.8516311838547,76.0962744894916
"ATX1_HUMAN---CHIP_HUMAN",66.8516311838547,76.0962744894916
"BARD1_HUMAN---TPC11_HUMAN",8.95298687036371,100.491099715728
"ARMX3_HUMAN---BCAR1_HUMAN",66.8516311838547,76.0962744894916
"CCD97_HUMAN---SRPK2_HUMAN",8.95298687036371,100.491099715728
"CDK1_HUMAN---UNG_HUMAN",8.95298687036371,100.491099715728
"C2CD5_HUMAN---CDK5_HUMAN",8.95298687036371,100.491099715728
"CAND1_HUMAN---CUL4B_HUMAN",8.95298687036371,100.491099715728
"ESF1_HUMAN---SUMO2_HUMAN",66.8516311838547,76.0962744894916
"ATX1_HUMAN---FA21C_HUMAN",66.8516311838547,76.0962744894916
"GNL1_HUMAN---RAD21_HUMAN",66.8516311838547,76.0962744894916
"ARMX3_HUMAN---GPN1_HUMAN",66.8516311838547,76.0962744894916
"HN1_HUMAN---SEPT9_HUMAN",8.95298687036371,100.491099715728
"HS90A_HUMAN---HSF1_HUMAN",8.95298687036371,100.491099715728
"HTSF1_HUMAN---Z512B_HUMAN",8.95298687036371,100.491099715728
"BARD1_HUMAN---LARP1_HUMAN",8.95298687036371,100.491099715728
"LARP4_HUMAN---SUMO2_HUMAN",38.7735610473196,91.9687036151488
"CAND1_HUMAN---MCM9_HUMAN",8.95298687036371,100.491099715728
"MDM2_HUMAN---TM87A_HUMAN",66.8516311838547,76.0962744894916
"MK01_HUMAN---YBOX3_HUMAN",8.95298687036371,100.491099715728
"CDCA5_HUMAN---MK03_HUMAN",8.95298687036371,100.491099715728
"MMS19_HUMAN---NUP53_HUMAN",66.8516311838547,76.0962744894916
"HDAC1_HUMAN---MYC_HUMAN",8.95298687036371,100.491099715728
"MYC_HUMAN---NOL9_HUMAN",8.95298687036371,100.491099715728
"MYH10_HUMAN---Z512B_HUMAN",8.95298687036371,100.491099715728
"ARIP4_HUMAN---PIAS1_HUMAN",8.95298687036371,100.491099715728
"PSA3_HUMAN---PSA7_HUMAN",38.7735610473196,91.9687036151488
"PSA7_HUMAN---SAMD1_HUMAN",38.7735610473196,91.9687036151488
"LCK_HUMAN---PSRC1_HUMAN",38.7735610473196,91.9687036151488
"NUP98_HUMAN---RAE1L_HUMAN",8.95298687036371,100.491099715728
"DDA1_HUMAN---SEPT9_HUMAN",8.95298687036371,100.491099715728
"CDCA5_HUMAN---SMC3_HUMAN",8.95298687036371,100.491099715728
"RAD21_HUMAN---SMC3_HUMAN",66.8516311838547,76.0962744894916
"CSK21_HUMAN---WDR55_HUMAN",38.7735610473196,91.9687036151488
"RIF1_HUMAN---WDR62_HUMAN",38.7735610473196,91.9687036151488
"RAE1L_HUMAN---WDR75_HUMAN",8.95298687036371,100.491099715728
"XRCC6_HUMAN---Z512B_HUMAN",38.7735610473196,91.9687036151488
"HAUS6_HUMAN---YBOX3_HUMAN",8.95298687036371,100.491099715728
"MMS19_HUMAN---ZN318_HUMAN",66.8516311838547,76.0962744894916
"SCAFB_HUMAN---STAT3_HUMAN",12.3638427796188,-4.36861235815617
"MCAF1_HUMAN---SENP3_HUMAN",71.500601952586,23.9039892307328
"ACTB_HUMAN---CBL_HUMAN",94.3986340667679,26.4969609068409
"CDK1_HUMAN---NUP50_HUMAN",94.3986340667679,26.4969609068409
"EPHA3_HUMAN---FYN_HUMAN",94.3986340667679,26.4969609068409
"JUN_HUMAN---MK01_HUMAN",91.7616207264416,42.6520392127777
"MK03_HUMAN---PAXI_HUMAN",94.3986340667679,26.4969609068409
"DDX21_HUMAN---SPB1_HUMAN",90.7379447265163,47.7037154572865
"CDK1_HUMAN---TOP2B_HUMAN",94.3986340667679,26.4969609068409
"1433B_HUMAN---LSR_HUMAN",95.146362458391,16.673559648564
"1433G_HUMAN---ANS1A_HUMAN",95.146362458391,16.673559648564
"ARHG7_HUMAN---PAK1_HUMAN",95.146362458391,16.673559648564
"CSN5_HUMAN---LRC47_HUMAN",95.146362458391,16.673559648564
"E9PAU2_HUMAN---SUMO2_HUMAN",95.146362458391,16.673559648564
"FRIH_HUMAN---GRB2_HUMAN",95.146362458391,16.673559648564
"G4XH65_HUMAN---LYRIC_HUMAN",91.9024716172557,38.1002943889466
"CHD3_HUMAN---GIT1_HUMAN",95.146362458391,16.673559648564
"1433B_HUMAN---IGF1R_HUMAN",95.146362458391,16.673559648564
"CSN5_HUMAN---JUN_HUMAN",95.146362458391,16.673559648564
"LAS1L_HUMAN---PNKP_HUMAN",95.146362458391,16.673559648564
"DREB_HUMAN---MARCS_HUMAN",96.115750078346,11.3441364635421
"MED12_HUMAN---MED1_HUMAN",95.146362458391,16.673559648564
"NUCL_HUMAN---PP1B_HUMAN",95.146362458391,16.673559648564
"NUP50_HUMAN---TOIP1_HUMAN",95.146362458391,16.673559648564
"IMA3_HUMAN---PARD3_HUMAN",95.146362458391,16.673559648564
"PIAS1_HUMAN---SGTA_HUMAN",95.146362458391,16.673559648564
"SGTA_HUMAN---UBL7_HUMAN",95.146362458391,16.673559648564
"DDX21_HUMAN---SRPK2_HUMAN",96.1700384583163,11.6218834040552
"SUV91_HUMAN---WIZ_HUMAN",95.146362458391,16.673559648564
"SRPK2_HUMAN---TRA2A_HUMAN",95.146362458391,16.673559648564
"CDCA3_HUMAN---TRAF2_HUMAN",95.146362458391,16.673559648564
"TEBP_HUMAN---WAP53_HUMAN",95.146362458391,16.673559648564
"CD2AP_HUMAN---E7ETM7_HUMAN",86.8127449750718,47.6635015501147
